last_name, first_name,player_id,year,n_fastball_formatted,fastball_avg_speed,fastball_avg_spin,
Wainwright, Adam,425794,2021,59.7,87.5,2295,
Greinke, Zack,425844,2021,45.9,89,2224,
Santana, Ervin,429722,2021,45.2,93.3,2176,
Kazmir, Scott,431148,2021,54.6,92.4,2152,
Petit, Yusmeiro,433589,2021,68.8,86.5,2136,
Kintzler, Brandon,445213,2021,75.1,92,1969,
Jansen, Kenley,445276,2021,84.6,92.9,2571,
Chavez, Jesse,445926,2021,79.7,90.1,2133,
Detwiler, Ross,446321,2021,87.8,88.9,2099,
Kluber, Corey,446372,2021,56.9,89.2,2289,
Hill, Rich,448179,2021,56.5,87.7,2337,
Doolittle, Sean,448281,2021,81.1,93.1,2261,
Guerra, Junior,448855,2021,56,92.8,2199,
Morton, Charlie,450203,2021,58,94.1,2301,
Davis, Wade,451584,2021,78.8,90.9,2509,
Albers, Andrew,452027,2021,63.8,88.3,2112,
Lester, Jon,452657,2021,73.4,87.6,2189,
Kennedy, Ian,453178,2021,86.3,93.7,2418,
Miller, Andrew,453192,2021,35.3,88.4,1918,
Watson, Tony,453265,2021,42.6,92.4,2304,
Bard, Daniel,453268,2021,48.5,97.4,2687,
LeBlanc, Wade,453281,2021,66.9,86.5,1971,
Parker, Blake,453284,2021,57.4,90.3,2016,
Scherzer, Max,453286,2021,55.7,93.6,2442,
Melancon, Mark,453343,2021,65.5,92,2255,
Arrieta, Jake,453562,2021,53.3,91.4,2084,
Martin, Chris,455119,2021,71.8,93.8,2096,
Price, David,456034,2021,73,91.8,1995,
Cueto, Johnny,456501,2021,51.4,91.7,2216,
Happ, J.A.,457918,2021,71.5,90.5,2244,
Lindblom, Josh,458676,2021,58.2,89.1,2546,
Wilson, Justin,458677,2021,93.9,92,2289,
Lynn, Lance,458681,2021,92.3,91.9,2414,
Tomlin, Josh,458708,2021,69.7,86.9,2478,
McGee, Jake,459429,2021,90.1,94.9,2143,
Clippard, Tyler,461325,2021,43.2,88.8,2216,
Swarzak, Anthony,461872,2021,44.2,93,2272,
Soria, Joakim,465657,2021,60,92.8,2336,
Chacin, Jhoulys,468504,2021,41.6,92.8,2219,
Carrasco, Carlos,471911,2021,50.4,93.2,2228,
Abad, Fernando,472551,2021,58.5,91.4,2156,
Garcia, Luis,472610,2021,59.5,98.3,2176,
Anderson, Brett,474463,2021,53.8,88.6,1759,
Luetge, Lucas,476595,2021,62,88.3,2554,
Kershaw, Clayton,477132,2021,36.7,90.6,2505,
Buchter, Ryan,488748,2021,62.6,89.8,2216,
Miley, Wade,489119,2021,64.1,86.6,2263,
Romo, Sergio,489265,2021,33.6,85.5,2161,
Stammen, Craig,489334,2021,70,91.3,2231,
Valdez, Cesar,491624,2021,19.9,85.1,2067,
Ottavino, Adam,493603,2021,49.8,94.7,2362,
Guerra, Deolis,500610,2021,45.5,90.7,2298,
Quintana, Jose,500779,2021,58.6,91.6,2049,
Pineda, Michael,501381,2021,54.2,90.6,1946,
Alvarez, Jose,501625,2021,61.8,90.9,2174,
Smith, Joe,501925,2021,62.9,86.3,1924,
Minor, Mike,501985,2021,42.8,90.9,2544,
Archer, Chris,502042,2021,45,92,2120,
Gibson, Kyle,502043,2021,61.6,91.7,2224,
Robertson, David,502085,2021,74,92.1,2557,
Britton, Zack,502154,2021,83.8,92.6,1953,
Cobb, Alex,502171,2021,46.7,92.7,2065,
Espino, Paolo,502179,2021,55.2,89,2216,
Boxberger, Brad,502202,2021,55.9,93.5,2383,
Cahill, Trevor,502239,2021,54.4,88.2,2195,
Santiago, Hector,502327,2021,67,90.8,2042,
Miller, Justin,502522,2021,72.2,92.9,2271,
Anderson, Chase,502624,2021,61.6,89.7,2182,
Holland, Derek,502706,2021,56.6,93,2350,
Peralta, Wily,503449,2021,54.9,93.9,1831,
Dolis, Rafael,503569,2021,65.1,94.8,2277,
Darvish, Yu,506433,2021,64.3,90.2,2636,
Colome, Alex,517008,2021,100,90.7,2134,
Alexander, Scott,518397,2021,74.1,92.2,2188,
Brasier, Ryan,518489,2021,68.5,95.1,2135,
Bumgarner, Madison,518516,2021,70.7,88.2,2347,
Cishek, Steve,518553,2021,60.8,90.1,2331,
Diekman, Jake,518617,2021,66.9,95.3,2207,
Duffy, Danny,518633,2021,55.6,93.7,2260,
Harvey, Matt,518774,2021,54.8,93.2,2149,
Holland, Greg,518813,2021,40.3,92.8,2236,
Jones, Nate,518858,2021,62.8,95.6,2416,
Kelly, Merrill,518876,2021,64.5,91.5,2317,
Kimbrel, Craig,518886,2021,59.3,96.5,2301,
McFarland, T.J.,519008,2021,68.6,88.8,1953,
Moore, Matt,519043,2021,65.5,92,2272,
Nelson, Jimmy,519076,2021,33.1,93.8,2613,
Pomeranz, Drew,519141,2021,75.3,93.9,2507,
Pressly, Ryan,519151,2021,39.7,95.4,2560,
Sale, Chris,519242,2021,49.3,93.5,2285,
Smith, Will,519293,2021,47.3,92.8,2240,
Strickland, Hunter,519326,2021,57.1,94.8,2352,
Workman, Brandon,519443,2021,49.1,89.9,2059,
Hendriks, Liam,521230,2021,68.9,97.7,2395,
Kelly, Joe,523260,2021,40.7,97.6,2080,
Perez, Martin,527048,2021,67.3,91.5,2125,
Castellanos, Humberto,528748,2021,56.3,90.4,2021,
Shoemaker, Matt,533167,2021,41,91.6,2184,
Ramirez, Erasmo,541640,2021,90.8,90.6,2229,
Cisnero, Jose,542585,2021,66.2,96.6,2354,
Anderson, Tyler,542881,2021,74.7,88.3,2358,
Andriese, Matt,542882,2021,53.5,91.2,2330,
Armstrong, Shawn,542888,2021,88.2,92.1,2533,
Bass, Anthony,542914,2021,49.2,95.4,1986,
Bleier, Richard,542947,2021,86.1,89.3,1983,
Brach, Brad,542960,2021,51.1,93.6,2182,
Chatwood, Tyler,543022,2021,90.2,92.9,2528,
Cole, Gerrit,543037,2021,48,97.7,2451,
Conley, Adam,543045,2021,54.1,95.7,2340,
Coulombe, Danny,543056,2021,33.3,90.4,2233,
DeSclafani, Anthony,543101,2021,45.7,94,2194,
Eovaldi, Nathan,543135,2021,54.8,95.9,2151,
Gray, Sonny,543243,2021,58.4,91.6,2384,
Hand, Brad,543272,2021,57.4,93,2356,
Hendricks, Kyle,543294,2021,60.5,87.3,1861,
Hudson, Daniel,543339,2021,68.4,97,2313,
Jackson, Jay,543351,2021,34.5,94.8,2284,
Lyles, Jordan,543475,2021,51.2,92.4,2278,
May, Trevor,543507,2021,60.3,96.5,2369,
McHugh, Collin,543521,2021,43.9,88.3,2443,
Milone, Tommy,543548,2021,31.1,84.2,2106,
Nolin, Sean,543594,2021,69.6,87.8,2063,
Odorizzi, Jake,543606,2021,65.2,91.3,2105,
Shaw, Bryan,543766,2021,79.3,92.9,2400,
Familia, Jeurys,544727,2021,73.5,96.6,2250,
Strasburg, Stephen,544931,2021,54.1,91.8,2077,
Bauer, Trevor,545333,2021,67.6,91.2,2792,
Head, Louis,545343,2021,52.4,93.7,2254,
Poteet, Cody,547001,2021,48.8,93.6,2422,
Lorenzen, Michael,547179,2021,65.5,94.4,2437,
Kim, Kwang Hyun,547942,2021,41.8,89.1,2131,
Ryu, Hyun Jin,547943,2021,61.5,88.4,1965,
Chapman, Aroldis,547973,2021,62.3,98.5,2375,
Raley, Brooks,548384,2021,54.3,88.9,2457,
Stripling, Ross,548389,2021,50.9,91.9,2178,
Kittredge, Andrew,552640,2021,54.6,95.2,2416,
Garcia, Yimi,554340,2021,45.6,95.8,2507,
Wheeler, Zack,554430,2021,60.6,97,2332,
Matzek, Tyler,554431,2021,70.7,96,2435,
Rodriguez, Joely,570257,2021,58.6,94,2013,
Valdez, Phillips,570488,2021,40.4,92.7,2264,
Urena, Jose,570632,2021,63.8,93.9,2134,
Robles, Hansel,570663,2021,55.8,96.7,2288,
Cessa, Luis,570666,2021,31.6,93.5,2198,
Boyd, Matthew,571510,2021,47.5,91.9,2328,
Brothers, Rex,571521,2021,65.5,94.5,2107,
Corbin, Patrick,571578,2021,56.7,92.4,2123,
Farmer, Buck,571656,2021,47.7,94,2284,
Floro, Dylan,571670,2021,62.8,93.7,2199,
Frankoff, Seth,571676,2021,39.6,91.3,2411,
Givens, Mychal,571710,2021,46.7,94.7,2527,
Hale, David,571735,2021,55.5,92.7,2219,
Heaney, Andrew,571760,2021,59.4,92,2443,
Hutchison, Drew,571800,2021,52.8,92.4,2147,
Krol, Ian,571871,2021,36.1,93.6,2349,
Law, Derek,571882,2021,27.7,93.7,2134,
Loup, Aaron,571901,2021,84.8,89.4,2294,
Matz, Steven,571927,2021,51.9,94.5,2184,
Mikolas, Miles,571945,2021,49.4,93,2266,
Miller, Shelby,571946,2021,85.7,92.3,2338,
Milner, Hoby,571948,2021,56.2,89.1,1969,
Richards, Garrett,572070,2021,53.6,94.3,2468,
Selman, Sam,572125,2021,55.5,90.9,2347,
Smith, Burch,572143,2021,68.9,93.4,2277,
Tepera, Ryan,572193,2021,44.1,93.3,2239,
Greene, Shane,572888,2021,64.1,90.2,2266,
Johnson, Pierce,572955,2021,32.5,95.5,2231,
Keuchel, Dallas,572971,2021,64.4,86.8,2078,
Mantiply, Joe,573009,2021,51.4,91.1,2206,
Rogers, Taylor,573124,2021,46,95.7,2055,
Stroman, Marcus,573186,2021,60.4,91.5,2368,
Thielbar, Caleb,573204,2021,49,91.3,2309,
Minaya, Juan,573668,2021,51.4,95.2,2236,
Kikuchi, Yusei,579328,2021,70.6,93.2,2257,
Adam, Jason,592094,2021,57.3,93.8,2605,
Bedrosian, Cam,592135,2021,50.2,92.9,2261,
Biddle, Jesse,592145,2021,53.2,93,2613,
Brice, Austin,592169,2021,58.8,92.6,2206,
Claudio, Alex,592222,2021,48.6,85.4,1868,
Crichton, Stefan,592233,2021,68.2,90.9,1868,
De Leon, Jose,592254,2021,62.8,93,2058,
Emanuel, Kent,592288,2021,52.5,91.6,2055,
Foltynewicz, Mike,592314,2021,51.1,93.5,2131,
Gausman, Kevin,592332,2021,52.7,94.6,2283,
Gonzalez, Chi Chi,592346,2021,61.7,91.2,2356,
Gray, Jon,592351,2021,47.6,94.9,2152,
Hembree, Heath,592390,2021,52.3,95.3,2452,
Jackson, Luke,592426,2021,35.6,95.8,2208,
Kolarek, Adam,592473,2021,71.1,88.6,2174,
Osich, Josh,592612,2021,75.3,88.1,2243,
Plutko, Adam,592644,2021,82.8,90.1,2303,
Ray, Robbie,592662,2021,59.6,94.8,2272,
Sampson, Adrian,592716,2021,62.1,91.6,1984,
Sanchez, Aaron,592717,2021,49.4,89.9,2023,
Shreve, Chasen,592741,2021,40.2,91.6,2316,
Smith, Caleb,592761,2021,48.1,91.4,2420,
Smyly, Drew,592767,2021,58,91.2,2062,
Stanek, Ryne,592773,2021,59.7,97.6,2231,
Taillon, Jameson,592791,2021,55,93.9,2407,
Velasquez, Vince,592826,2021,54.2,93.1,2356,
Wade, Konner,592831,2021,63.7,88.8,2075,
Walker, Taijuan,592836,2021,57.1,94.2,2061,
Wick, Rowan,592858,2021,68,94.3,2284,
Williams, Taylor,592865,2021,54.3,93.7,2320,
Williams, Trevor,592866,2021,60.5,91.1,2167,
Feliz, Michael,593140,2021,58.1,93.8,2179,
Rodriguez, Richard,593144,2021,86.1,93.1,2438,
German, Domingo,593334,2021,43.6,93.5,2448,
Martinez, Carlos,593372,2021,62.6,92,2069,
Montas, Frankie,593423,2021,58.2,96.3,2353,
Neris, Hector,593576,2021,55.8,94.4,2310,
Tapia, Domingo,593619,2021,74.8,97.2,2160,
Suero, Wander,593833,2021,75.8,92,2522,
Rodriguez, Eduardo,593958,2021,68.8,91.5,2170,
Peralta, Wandy,593974,2021,37.5,95.2,2168,
Guduan, Reymin,594056,2021,63.8,93.8,2304,
Gustave, Jandel,594311,2021,74.5,96.7,2289,
Mayers, Mike,594577,2021,68.3,93,2335,
Dayton, Grant,594795,2021,65.2,91.4,2187,
deGrom, Jacob,594798,2021,57.4,99.2,2418,
Gonzales, Marco,594835,2021,64.5,87.7,2137,
Ponce de Leon, Daniel,594965,2021,83.8,92.5,2278,
Ryan, Kyle,594986,2021,88.9,87.9,1854,
Sadler, Casey,594987,2021,68.2,90.2,2389,
Treinen, Blake,595014,2021,64.8,95.5,2368,
Eickhoff, Jerad,595191,2021,48.7,90,2057,
Okert, Steven,595345,2021,40.4,92.2,2225,
Sherriff, Ryan,595411,2021,56.5,92,2136,
Winkler, Dan,595465,2021,92.9,91.9,2540,
Curtiss, John,595928,2021,50.5,94.9,2272,
Ellis, Chris,595939,2021,48.1,93.8,2365,
Junis, Jakob,596001,2021,56,90.2,2259,
Maples, Dillon,596027,2021,51.7,95.2,2641,
Morimando, Shawn,596049,2021,72.4,89.4,2319,
Norris, Daniel,596057,2021,47.5,92.7,2392,
Peters, Dillon,596071,2021,51.7,90.8,2222,
Stephenson, Robert,596112,2021,49.4,96.5,2521,
Weaver, Luke,596133,2021,68.1,93,2451,
Gomber, Austin,596295,2021,40.7,91.6,2028,
Barnes, Matt,598264,2021,49.8,95.8,2276,
Ramirez, Nick,598286,2021,49,89,2047,
Ramirez, Noe,598287,2021,37.5,89.1,2210,
Machado, Andres,600921,2021,70.7,94.7,2088,
Pivetta, Nick,601713,2021,51.9,94.8,2294,
Barlow, Scott,605130,2021,33.4,95.3,2304,
Bassitt, Chris,605135,2021,73.2,91.9,2156,
Benjamin, Wes,605138,2021,70.9,89.1,2298,
Bradley, Archie,605151,2021,70.6,94,2099,
Brebbia, John,605154,2021,49.4,92.9,2257,
Bundy, Dylan,605164,2021,51.5,90.7,2434,
Chafin, Andrew,605177,2021,73.5,92,2120,
Cotton, Jharel,605194,2021,47.5,93,2295,
Crick, Kyle,605195,2021,38.7,92.6,2301,
Davies, Zach,605200,2021,60,87.8,2028,
Fulmer, Michael,605242,2021,45.7,95.6,2201,
Hess, David,605276,2021,58,94,2085,
Holmes, Clay,605280,2021,59,96,2215,
Houser, Adrian,605288,2021,67.3,93.7,2065,
Lopez, Jorge,605347,2021,56.9,95.3,1971,
Marshall, Evan,605359,2021,36.6,93.1,2400,
Morgan, Adam,605388,2021,34.8,92.5,2297,
Musgrove, Joe,605397,2021,43.6,92.2,2599,
Nola, Aaron,605400,2021,53.2,92.5,2182,
Rios, Yacksel,605441,2021,60.9,97.1,2087,
Romano, Jordan,605447,2021,63.2,97.6,2391,
Ross, Joe,605452,2021,62.6,93.5,2098,
Snell, Blake,605483,2021,52.5,95.1,2399,
Springs, Jeffrey,605488,2021,41.9,93.4,2284,
Thompson, Zach,605507,2021,70.4,89.6,2453,
Turnbull, Spencer,605513,2021,60.5,94.2,2403,
Warren, Art,605521,2021,40.5,95.2,2193,
Wendelken, J.B.,605525,2021,64.2,94,2357,
Wisler, Matt,605538,2021,9.1,91.5,2110,
Woodruff, Brandon,605540,2021,60.4,96.4,2326,
Wright Jr., Mike,605541,2021,60.6,91.3,2163,
Gallegos, Giovanny,606149,2021,52.8,94.4,2350,
Montero, Rafael,606160,2021,61.7,95.5,2231,
Payamps, Joel,606303,2021,60.8,94.7,2378,
Garcia, Jarlin,606424,2021,50,93.1,2215,
Barnes, Jacob,606930,2021,93,92.2,2360,
Rodon, Carlos,607074,2021,58.6,95.4,2294,
Faria, Jake,607188,2021,56.2,92.3,2105,
Glasnow, Tyler,607192,2021,51.6,97,2424,
Fedde, Erick,607200,2021,66.4,92.3,1940,
Romano, Sal,607219,2021,62.5,93.6,2090,
Gsellman, Robert,607229,2021,62.8,94,2003,
Gant, John,607231,2021,68.9,89.9,2457,
Garrett, Amir,607237,2021,48.9,94.8,2246,
Patton, Spencer,607359,2021,56.6,93.4,2036,
Mazza, Chris,607391,2021,67.8,88.7,2072,
Banda, Anthony,607455,2021,48.9,93.9,2110,
Barraclough, Kyle,607457,2021,52.2,93.1,2370,
Bummer, Aaron,607481,2021,69.8,94.6,2030,
Freeland, Kyle,607536,2021,40.2,91.4,2383,
Harper, Ryne,607560,2021,24.3,86.5,1822,
Howard, Sam,607572,2021,43.3,93.4,2370,
Lugo, Seth,607625,2021,54,93.8,2249,
Means, John,607644,2021,48,92.8,2399,
Estevez, Carlos,608032,2021,65.8,97.1,2163,
De Jong, Chase,608328,2021,48.9,92.9,2435,
Fried, Max,608331,2021,50.4,93.8,2088,
Fulmer, Carson,608334,2021,65,90.7,2408,
Funkhouser, Kyle,608335,2021,62.1,95.6,2079,
Giolito, Lucas,608337,2021,43.9,93.8,2345,
Irvin, Cole,608344,2021,59.8,90.7,1935,
Knebel, Corey,608349,2021,58.1,96.3,2403,
Sims, Lucas,608371,2021,41.2,95.1,2581,
Wacha, Michael,608379,2021,64.3,92,2080,
Marquez, German,608566,2021,52.9,94.7,2075,
Chargois, JT,608638,2021,40.4,96.2,2240,
Duffey, Tyler,608648,2021,50.9,92.5,2282,
Enns, Dietrich,608650,2021,95.6,90.9,2192,
Farrell, Luke,608652,2021,40.4,91.3,2379,
Graveman, Kendall,608665,2021,71.5,96.6,2214,
Leone, Dominic,608678,2021,72.4,93.7,2306,
Steckenrider, Drew,608716,2021,65.9,94,2362,
Stratton, Chris,608717,2021,48.4,93,2610,
Suter, Brent,608718,2021,76.7,87.4,2162,
Voth, Austin,608723,2021,73.1,93.4,2370,
Castro, Miguel,612434,2021,42.8,98,2278,
Adams, Austin,613534,2021,12.9,94.1,2571,
Ruiz, Jose,614179,2021,59.5,97,2329,
Quantrill, Cal,615698,2021,51.2,94.3,2109,
Sawamura, Hirokazu,617228,2021,45.5,96,2115,
Reyes, Alex,621052,2021,54.5,96.6,2339,
Garza, Justin,621057,2021,82.9,93,2276,
Rucker, Michael,621074,2021,64.5,92.6,2323,
Kaprielian, James,621076,2021,58.8,92.9,2029,
Eflin, Zach,621107,2021,53.9,92.6,2060,
Buehler, Walker,621111,2021,68.2,94.4,2493,
Blackburn, Paul,621112,2021,74,89.6,2155,
Burr, Ryan,621114,2021,90.4,91.1,2140,
McCullers Jr., Lance,621121,2021,35.5,93.8,2132,
Cody, Kyle,621129,2021,48.8,95.2,2072,
Kriske, Brooks,621139,2021,54.1,95.3,2208,
Mills, Alec,621219,2021,60.1,89,2160,
Alvarado, Jose,621237,2021,96.7,98.5,2103,
Diaz, Edwin,621242,2021,62.2,98.8,2288,
Berrios, Jose,621244,2021,56.3,93.9,2180,
Garza Jr., Ralph,621248,2021,57.3,90.9,2167,
Underwood Jr., Duane,621249,2021,47.1,93.8,2140,
Wittgren, Nick,621295,2021,66.5,91.8,2096,
Minter, A.J.,621345,2021,86.6,92.5,2448,
Clay, Sam,621348,2021,65.8,92.3,1926,
Borucki, Ryan,621366,2021,58.3,95.3,2352,
Hearn, Taylor,621368,2021,67.8,94.7,2238,
Castro, Anthony,621593,2021,51.4,95.2,2486,
Young, Alex,622065,2021,61.8,88.8,2293,
Wood, Alex,622072,2021,46.4,91.8,2098,
Almonte, Yency,622075,2021,48.8,94.1,2098,
Antone, Tejay,622088,2021,32.1,96.8,2677,
Zimmer, Kyle,622092,2021,50.7,94.1,2249,
Smith, Drew,622098,2021,87.9,92.4,2512,
Sborz, Josh,622250,2021,54.5,96.7,2340,
Staumont, Josh,622251,2021,65.3,96.6,2244,
Tate, Dillon,622253,2021,60.6,95.5,1951,
Rodriguez, Jefry,622446,2021,75,94.6,2327,
Castillo, Luis,622491,2021,52.3,97.2,2241,
Crismatt, Nabil,622503,2021,25.1,89.9,2127,
Senzatela, Antonio,622608,2021,56.1,94.6,2097,
Hernandez, Elieser,622694,2021,53.3,90.9,2127,
Diaz, Miguel,622766,2021,46.2,94.4,2188,
Perdomo, Angel,622780,2021,65,94.3,2487,
Sewald, Paul,623149,2021,58.3,92.3,2444,
Flexen, Chris,623167,2021,69.4,91.2,2188,
Hader, Josh,623352,2021,65.5,96.4,2069,
Wieck, Brad,623364,2021,84.6,92.6,2297,
Anderson, Drew,623454,2021,48,92.6,2131,
Phillips, Evan,623465,2021,45.1,95.4,2222,
Herget, Jimmy,623474,2021,49.5,91,2231,
Goudeau, Ashton,623485,2021,45.4,92.7,2058,
Suarez, Ranger,624133,2021,68,93.2,1873,
Thompson, Keegan,624522,2021,74.7,92.3,2411,
Gonzalez, Victor,624647,2021,55.3,94.3,2231,
Lopez, Reynaldo,625643,2021,57.9,95.8,2225,
Thorpe, Lewis,626929,2021,45.4,89.1,1957,
Maeda, Kenta,628317,2021,31.2,90.5,2255,
Iglesias, Raisel,628452,2021,44.6,96.4,2357,
Urias, Julio,628711,2021,48.4,94.1,2499,
Crowe, Wil,640444,2021,46.8,93.5,2360,
Finnegan, Kyle,640448,2021,68.4,95.6,2058,
Manaea, Sean,640455,2021,60,92.1,1996,
Puk, A.J.,640462,2021,64.6,95.6,2173,
Stewart, Kohl,640464,2021,83.1,89.6,2176,
Alzolay, Adbert,640470,2021,52.1,93.4,2259,
Lopez, Pablo,641154,2021,57.9,93.4,2109,
Alexander, Tyler,641302,2021,71.1,88.3,2239,
Anderson, Shaun,641312,2021,35.9,93.3,2515,
Bickford, Phil,641360,2021,64.3,93.9,2343,
Bowden, Ben,641386,2021,70.9,92.4,2409,
Brentz, Jake,641394,2021,59.5,96.9,2248,
Brogdon, Connor,641401,2021,64.4,93.8,2275,
Castano, Daniel,641447,2021,51.1,90,2195,
Cortes Jr., Nestor,641482,2021,70.2,88.9,2266,
Dunning, Dane,641540,2021,60.7,89.8,2057,
Duplantier, Jon,641541,2021,61.5,91.1,2159,
Foster, Matt,641582,2021,66.9,93.4,2299,
Greene, Conner,641632,2021,48.1,95.9,2333,
Hendrix, Ryan,641682,2021,44.3,96.4,2223,
Jefferies, Daulton,641726,2021,72.3,93,2101,
Jimenez, Joe,641729,2021,54,94.7,2494,
Kay, Anthony,641743,2021,69.2,93.5,2397,
Keller, Brad,641745,2021,59,93.9,2251,
Kinley, Tyler,641755,2021,43.3,95.9,2378,
Kuhl, Chad,641771,2021,38.3,94.2,2082,
Lauer, Eric,641778,2021,62.1,91.9,2282,
Littell, Zack,641793,2021,57.8,94.9,2062,
Mahle, Tyler,641816,2021,53.1,94,2335,
Mayza, Tim,641835,2021,71.2,94,2057,
McGowin, Kyle,641851,2021,31.3,91,2345,
Middleton, Keynan,641871,2021,57.7,95.4,2379,
Murphy, Patrick,641907,2021,65.6,96.6,2128,
Ober, Bailey,641927,2021,58,92.3,2177,
Pagan, Emilio,641941,2021,98.9,91.7,2450,
Rogers, Josh,642028,2021,51.4,90.5,2078,
Saucedo, Tayler,642048,2021,56.5,93.7,2388,
Sheffield, Jordan,642068,2021,64.7,96.3,2591,
Sherfy, James,642073,2021,35.2,94.1,2261,
Slegers, Aaron,642083,2021,57.5,91.7,1961,
Smith, Riley,642092,2021,67.8,91.6,2234,
Sulser, Cole,642121,2021,51.1,93.2,2290,
Taylor, Blake,642130,2021,72.5,93.1,2319,
Trivino, Lou,642152,2021,76.1,95.2,2062,
Widener, Taylor,642203,2021,66.5,92.6,2143,
Williams, Devin,642207,2021,36.2,94.8,2254,
Yarbrough, Ryan,642232,2021,53.9,83,2047,
Yardley, Eric,642233,2021,73,87,2062,
Soto, Gregory,642397,2021,62.4,98.2,2391,
Loaisiga, Jonathan,642528,2021,58.8,98.3,2352,
Barria, Jaime,642545,2021,54.7,93,2250,
Peralta, Freddy,642547,2021,52.9,93.4,2369,
Santana, Dennis,642701,2021,48.2,95.4,2429,
Brault, Steven,643230,2021,53.4,90.7,2031,
Cimber, Adam,643256,2021,67.9,87,2173,
Dunn, Justin,643290,2021,51.7,93.7,2357,
Fry, Paul,643316,2021,54.5,92.8,2329,
Green, Chad,643338,2021,65.5,95.7,2502,
Jax, Griffin,643377,2021,46,92.6,2306,
Rogers, Tyler,643511,2021,57.2,82.7,1856,
Zeuch, T.J.,643615,2021,73.1,92.1,2178,
Webb, Tyler,643778,2021,67.9,90.7,2105,
Alcantara, Sandy,645261,2021,49.8,97.8,2287,
Diaz, Jhonathan,646242,2021,26.2,90.1,2072,
Pop, Zach,647315,2021,67.7,95.4,2144,
Wells, Alexander,649144,2021,50.8,88.5,2147,
Madero, Luis,650347,2021,39.7,89.8,2275,
Hernandez, Darwinzon,650382,2021,74,94.8,2319,
Mejia, J.C.,650496,2021,58.1,92.7,2126,
Garcia, Bryan,650530,2021,55.8,94,2112,
Abreu, Bryan,650556,2021,45.3,95.7,2215,
King, Michael,650633,2021,61.8,94.1,2303,
Civale, Aaron,650644,2021,57.8,89.9,2397,
Mejia, Humberto,650668,2021,63.2,91.9,2172,
Quijada, Jose,650671,2021,73.3,93.6,2262,
Santana, Edgar,650828,2021,64.9,94.3,2200,
Cabrera, Genesis,650893,2021,64.3,97.7,2277,
Castillo, Diego,650895,2021,33.5,94.7,1991,
Sanchez, Cristopher,650911,2021,63,93.8,2071,
Diplan, Marcos,650959,2021,62.3,93.7,2246,
Rodriguez, Manuel,655889,2021,71.7,97.1,2115,
Abreu, Albert,656061,2021,49.1,97.9,2148,
Barnes, Charlie,656212,2021,44.1,89.8,1828,
Bielak, Brandon,656232,2021,61.2,93.5,2394,
Bukauskas, J.B.,656266,2021,47.2,94.5,2308,
Canning, Griffin,656288,2021,40.8,93.5,2265,
Cease, Dylan,656302,2021,46.8,96.7,2543,
Coonrod, Sam,656322,2021,73.3,98,2158,
Davidson, Tucker,656353,2021,49.5,93,2028,
Davis, Austin,656354,2021,52,93.6,2163,
Feyereisen, J.P.,656420,2021,51.6,93.1,2492,
Flaherty, Jack,656427,2021,56.8,93.3,2228,
Gilbert, Tyler,656457,2021,86,87.9,2175,
Gilbreath, Lucas,656458,2021,63.1,93.3,2424,
Ginkel, Kevin,656464,2021,59.4,94.7,2387,
Hentges, Sam,656529,2021,50.7,94.3,2148,
Hoffman, Jeff,656546,2021,56,94.3,2467,
Holloway, Jordan,656548,2021,45.6,95.5,2170,
Houck, Tanner,656557,2021,55.5,94.1,2095,
Jackson, Andre,656578,2021,46.2,92.3,2225,
Keller, Mitch,656605,2021,56.7,93.8,2354,
Klobosits, Gabe,656620,2021,66,94.7,2183,
Kopech, Michael,656629,2021,64.4,97.3,2585,
Lange, Alex,656638,2021,45.5,96.3,2343,
Martin, Brett,656685,2021,54.4,93.3,2176,
Martin, Corbin,656686,2021,64,94.1,2348,
Megill, Trevor,656730,2021,66.5,96.4,2423,
Megill, Tylor,656731,2021,57.6,94.6,2153,
Montgomery, Jordan,656756,2021,52,91.1,2257,
Nelson, Nick,656793,2021,53.8,96.4,2070,
Newcomb, Sean,656794,2021,83.5,93.1,2419,
Overton, Connor,656818,2021,51.6,92,2212,
Peterson, David,656849,2021,58.6,92.5,2075,
Rasmussen, Drew,656876,2021,65,97.1,2437,
Reid-Foley, Sean,656887,2021,62.8,93.7,2139,
Scott, Tanner,656945,2021,48.4,96.7,2573,
Sheffield, Justus,656954,2021,47.1,92.3,2034,
Solomon, Peter,656981,2021,65.2,91,2191,
Steele, Justin,657006,2021,65.6,93.1,2486,
Swanson, Erik,657024,2021,59.9,94.7,2303,
Taylor, Josh,657031,2021,48.8,94.5,2236,
Thompson, Ryan,657044,2021,60.9,90.2,2053,
Toussaint, Touki,657053,2021,51.6,92.8,2182,
Watkins, Spenser,657093,2021,77.7,89.1,2288,
Webb, Jacob,657097,2021,44.5,94.1,2415,
Jewell, Jake,657228,2021,67.4,94.2,2059,
Merryweather, Julian,657240,2021,54.4,97.5,2262,
Otto Jr., Glenn,657248,2021,48.9,92.6,2186,
Webb, Logan,657277,2021,48.7,92.8,1957,
Baumann, Mike,657508,2021,55.7,93.6,2093,
Hill, Tim,657612,2021,84.5,91.6,2198,
Ryan, Joe,657746,2021,65.8,91.2,2175,
Garcia, Edgar,658305,2021,52.3,94,2051,
Fernandez, Junior,658551,2021,47.6,97.7,2171,
Lamet, Dinelson,659275,2021,47.7,95.5,2424,
Ohtani, Shohei,660271,2021,56.3,93.7,2227,
Yang, Hyeon-Jong,660365,2021,45.8,89.9,2168,
Diaz, Yennsy,660546,2021,64.2,95.4,1996,
Paredes, Enoli,660600,2021,66.1,95.3,2390,
Ynoa, Huascar,660623,2021,44.8,96.5,2147,
Suarez, Jose,660761,2021,47.7,92.6,2167,
Graterol, Brusdar,660813,2021,68.6,99.4,2098,
De Los Santos, Enyel,660853,2021,68.4,94.8,2194,
Alcala, Jorge,660896,2021,43.3,97.4,2325,
Lopez, Yoan,661255,2021,51.6,95.7,2204,
Gutierrez, Vladimir,661269,2021,47.4,93.2,2168,
Clase, Emmanuel,661403,2021,70.3,100.2,2579,
Gil, Luis,661563,2021,53.4,96.1,2445,
Burrows, Beau,663366,2021,57.7,93.1,2194,
Waddell, Brandon,663399,2021,51.6,92.5,2343,
Thornton, Trent,663423,2021,60.7,92.5,2414,
Rainey, Tanner,663432,2021,64.7,96.3,2400,
Bubic, Kris,663460,2021,52,90.9,2073,
Allard, Kolby,663465,2021,72.1,89.7,2147,
McKenzie, Triston,663474,2021,61.6,92.1,2256,
Allen, Logan,663531,2021,43.4,92.7,1983,
Mize, Casey,663554,2021,52,93.6,2112,
McClanahan, Shane,663556,2021,40.9,96.4,2256,
Falter, Bailey,663559,2021,68.1,91.8,1768,
Santillan, Tony,663574,2021,47.3,95,2105,
Neidert, Nick,663734,2021,47.2,91.7,2071,
Lynch, Daniel,663738,2021,52.3,93.7,2102,
Knehr, Reiss,663753,2021,69.8,92.4,2372,
Woodford, Jake,663765,2021,59.3,91.7,2092,
Evans, Demarcus,663770,2021,84.9,89.5,2463,
Sandoval, Patrick,663776,2021,43.1,93.3,1997,
Kowar, Jackson,663804,2021,55.3,95.6,2193,
Pearson, Nate,663878,2021,62.8,97.8,2201,
Singer, Brady,663903,2021,57.9,93.7,2271,
Paddack, Chris,663978,2021,61.5,94.8,2210,
Stephan, Trevor,663986,2021,59.8,96.2,2378,
Lovelady, Richard,663992,2021,50.2,93.1,2445,
Lakins Sr., Travis,664042,2021,75.2,92.3,2322,
Eshelman, Thomas,664045,2021,48.5,86.5,1843,
Stashak, Cody,664054,2021,45.5,90.6,2210,
Gonsolin, Tony,664062,2021,43.6,93.8,2379,
Ponce, Cody,664074,2021,61,92,2278,
Cleavinger, Garrett,664076,2021,54.5,95.8,2288,
Poppen, Sean,664092,2021,52.7,94.3,2016,
Effross, Scott,664123,2021,59,90.7,2242,
Fairbanks, Pete,664126,2021,57.9,97.1,2394,
Hartlieb, Geoff,664129,2021,55.9,94.2,2363,
Brubaker, JT,664141,2021,49.1,93.1,2222,
Lucchesi, Joey,664192,2021,63.3,91,2212,
Clarke, Taylor,664199,2021,53.4,95.5,2203,
Maton III, Phil,664208,2021,56.4,91.1,2495,
Valdez, Framber,664285,2021,57.1,92.4,2172,
Javier, Cristian,664299,2021,59.4,93.5,2341,
Yajure, Miguel,664337,2021,48.5,89.4,2403,
Urquidy, Jose,664353,2021,54.9,92.5,2213,
Newsome, Ljay,664714,2021,58,92.6,2036,
Cousins, Jake,664776,2021,37.5,95.5,2164,
Helsley, Ryan,664854,2021,90.4,93.9,2496,
Lawrence, Justin,664875,2021,65,97.4,2350,
Keller, Kyle,664918,2021,55.6,94.5,2308,
Misiewicz, Anthony,664948,2021,68.6,91.6,2326,
Kremer, Dean,665152,2021,76.7,91.1,2356,
Castro, Kervin,665645,2021,74.6,94.5,2274,
Cabrera, Edward,665795,2021,38.8,96.7,2262,
Oviedo, Luis,665854,2021,50.5,94.3,2200,
Anderson, Ian,666120,2021,47.4,94.6,2045,
Garrett, Braxton,666129,2021,49,89.9,2113,
Manning, Matt,666159,2021,60.8,93.6,2015,
Thompson, Mason,666168,2021,85.1,96.2,2214,
Luzardo, Jesus,666200,2021,51,95.5,2251,
Manoah, Alek,666201,2021,62.9,93.3,2274,
Muller, Kyle,666205,2021,42.4,93.4,2435,
Doval, Camilo,666808,2021,41.6,98.6,2574,
Nance, Tommy,667297,2021,62.1,95.3,2298,
Sanchez, Miguel,667376,2021,37.9,94.2,2234,
King, John,667463,2021,67.4,91.5,1979,
Dugger, Robert,667498,2021,42.5,91.3,2092,
Tyler, Kyle,667725,2021,62.6,91,2140,
Plesac, Zach,668676,2021,41.5,92.8,2048,
Gallen, Zac,668678,2021,62.4,93,2314,
Scrubb, Andre,668687,2021,54,93.9,2360,
Kranick, Max,668820,2021,48.5,94.2,2136,
Wilson, Bryse,669060,2021,63.6,92.9,2018,
Zimmermann, Bruce,669145,2021,42.2,91.4,2325,
May, Dustin,669160,2021,77.2,96.8,2385,
Heasley, Jon,669169,2021,49.6,93.5,2262,
Burnes, Corbin,669203,2021,62.9,95.5,2734,
Akin, Keegan,669211,2021,57.2,92,2337,
Morgan, Eli,669212,2021,49.6,90.4,2220,
Menez, Conner,669214,2021,34,90.9,2164,
Campbell, Paul,669294,2021,46.4,92.7,2475,
Gilbert, Logan,669302,2021,61.5,95.3,2200,
Wells, Tyler,669330,2021,58.6,95.2,2429,
Skubal, Tarik,669373,2021,56,94.4,2152,
Lambert, Jimmy,669424,2021,52.4,93.6,2054,
Rogers, Trevor,669432,2021,57.7,94.5,2375,
Bieber, Shane,669456,2021,38.6,92.4,2359,
Barlow, Joe,669618,2021,46.6,94.4,2255,
Bender, Anthony,669622,2021,53,96.8,2257,
Long, Sammy,669674,2021,43.2,92.6,2104,
Rodriguez, Chris,669735,2021,65.3,95.8,2093,
Alexy, A.J.,669935,2021,54.5,93.3,2218,
White, Mitch,669952,2021,52.8,94.4,2334,
Baragar, Caleb,670056,2021,81,92.8,2363,
Mills, Wyatt,670090,2021,70.9,92.6,1928,
Bednar, David,670280,2021,55.8,96.7,2290,
Hammer, JD,670456,2021,61.5,94,2302,
Oviedo, Johan,670912,2021,53.7,94.9,2257,
Richards, Trevor,670950,2021,56.8,92.7,2184,
Uceta, Edwin,670955,2021,44.3,92.8,2354,
Ramirez, Yohan,670990,2021,54.4,95.5,2312,
Detmers, Reid,672282,2021,45.1,92.9,2078,
Perez, Cionel,672335,2021,64.3,96,2107,
Hernandez, Carlos,672578,2021,55.9,97.2,2371,
Patino, Luis,672715,2021,63.7,95.7,2412,
Guenther, Sean,674944,2021,56.9,93,2233,
Lowther, Zac,675912,2021,54.1,90.7,2206,
Karinchak, James,675916,2021,68.1,95.9,2309,
Howard, Spencer,675921,2021,77.8,93.1,2147,
Naughton, Packy,676050,2021,56.9,90.5,2042,
Heuer, Codi,676051,2021,56.1,95.9,2366,
Junk, Janson,676083,2021,51.8,92.5,2357,
Elledge, Seth,676220,2021,69.2,93.9,2276,
Abbott, Cory,676265,2021,58.8,92.6,2320,
Bettinger, Alec,676424,2021,73.4,91,2106,
Whitlock, Garrett,676477,2021,62.9,95.9,2101,
Fleming, Josh,676596,2021,73.2,89.4,1813,
Zuber, Tyler,676604,2021,57.9,94.6,2231,
Margevicius, Nick,676606,2021,71,89.6,2176,
Vest, Will,676684,2021,56.8,93.5,1989,
Whitley, Kodi,676831,2021,56.9,93.7,2248,
Peacock, Matt,676840,2021,68.3,93.4,2043,
Ashby, Aaron,676879,2021,36.1,96.5,1990,
de Geus, Brett,676969,2021,80.9,92.1,2067,
Crochet, Garrett,676979,2021,64.3,96.7,2331,
Garcia, Luis,677651,2021,67.3,90.9,2362,
Bruihl, Justin,677865,2021,70.2,88.6,2317,
Weathers, Ryan,677960,2021,61.8,93.9,2071,
Dobnak, Randy,677976,2021,59.5,91.6,1944,
Gray, Josiah,680686,2021,51.6,94.6,2254,
Sandlin, Nick,680704,2021,51.4,94.5,2252,
Wantz, Andrew,681806,2021,74.5,91.3,2373,
Warren, Austin,681810,2021,53.1,93.7,2229,
Vesia, Alex,681911,2021,72.4,93.8,2365,
Mears, Nick,683232,2021,64.2,95.6,2184,
Arihara, Kohei,685503,2021,58.9,90,2124,