year,last_name, first_name,pitcher_id,team_name,team_name_abbrev,pitch_hand,avg_speed,pitches_thrown,total_pitches,pitches_per_game,pitch_per,pitch_type,pitch_type_name,pitcher_break_z,league_break_z,diff_z,rise,pitcher_break_x,league_break_x,diff_x,tail,percent_rank_diff_z,percent_rank_diff_x
2021,Ray, Robbie,592662,Blue Jays,TOR,L,94.8,1864,3141,19.38888888888889,0.5934415791149316,FF,4-Seamer,13.5,-14.1,0.6,5,8.2,-7.1,1.1,15,0.6508313539192399,0.6128266033254157
2021,Manaea, Sean,640455,Athletics,OAK,L,92.1,1781,2980,18.395061728395063,0.5976510067114094,SIFT,Sinker,20.1,-21.8,-1.8,-8,13.8,-14.4,-0.6,-4,0.2786885245901639,0.32786885245901637
2021,Mahle, Tyler,641816,Reds,CIN,R,94,1695,3196,19.728395061728396,0.5303504380475594,FF,4-Seamer,13.9,-15.1,1.2,8,12.1,-7.7,4.4,57,0.7767220902612827,0.9239904988123515
2021,Gausman, Kevin,592332,Giants,SF,R,94.6,1580,3002,18.530864197530864,0.5263157894736842,FF,4-Seamer,14.2,-14.2,0,0,10.4,-7.1,3.3,47,0.5273159144893111,0.8456057007125891
2021,Happ, J.A.,457918,Cardinals,STL,L,91,1442,2674,16.506172839506174,0.5392670157068062,FF,4-Seamer,16.1,-16,0,0,7.9,-6.7,1.2,18,0.5273159144893111,0.6247030878859857
2021,Pivetta, Nick,601713,Red Sox,BOS,R,94.8,1421,2745,16.944444444444443,0.5176684881602914,FF,4-Seamer,10.8,-13.2,2.4,18,5.1,-6.2,-1.1,-17,0.9429928741092637,0.34441805225653205
2021,Buehler, Walker,621111,Dodgers,LAD,R,95.3,1400,3152,19.45679012345679,0.44416243654822335,FF,4-Seamer,12,-14.3,2.3,16,3,-7.7,-4.6,-60,0.9239904988123515,0.057007125890736345
2021,Cole, Gerrit,543037,Yankees,NYY,R,97.7,1397,2969,18.32716049382716,0.47052879757494104,FF,4-Seamer,10.9,-13,2.1,16,12,-8.4,3.6,44,0.8978622327790974,0.8598574821852731
2021,Cease, Dylan,656302,White Sox,CWS,R,96.7,1377,2957,18.253086419753085,0.4656746702739263,FF,4-Seamer,10.5,-12.8,2.3,18,4.4,-6.8,-2.4,-35,0.9239904988123515,0.20665083135391923
2021,Burnes, Corbin,669203,Brewers,MIL,R,95.2,1355,2594,16.012345679012345,0.5223592906707787,FC,Cutter,18.7,-19.1,0.4,2,4.2,2.7,1.4,53,0.584,0.768
2021,Wheeler, Zack,554430,Phillies,PHI,R,97.2,1353,3205,19.78395061728395,0.4221528861154446,FF,4-Seamer,13.1,-12.9,-0.2,-2,7.6,-7.6,0,0,0.48931116389548696,0.4655581947743468
2021,Davies, Zach,605200,Cubs,CHC,R,88,1352,2577,15.907407407407407,0.5246410554908809,SIFT,Sinker,22.6,-25.1,-2.5,-10,14.5,-14.3,0.1,1,0.1885245901639344,0.45081967213114754
2021,Heaney, Andrew,571760,Yankees,NYY,L,92,1336,2330,14.382716049382717,0.5733905579399141,FF,4-Seamer,17.4,-16.9,-0.5,-3,15.3,-8.6,6.8,79,0.4346793349168646,0.9928741092636579
2021,Urías, Julio,628711,Dodgers,LAD,L,94.1,1330,2786,17.19753086419753,0.47738693467336685,FF,4-Seamer,13.4,-14.9,1.5,10,3.7,-7.1,-3.4,-48,0.831353919239905,0.1377672209026128
2021,Matz, Steven,571927,Blue Jays,TOR,L,94.5,1327,2557,15.783950617283951,0.5189675400860383,SIFT,Sinker,18.4,-20.5,-2.1,-10,15,-14.7,0.3,2,0.2336065573770492,0.48770491803278687
2021,Scherzer, Max,453286,Dodgers,LAD,R,94.3,1316,2821,17.41358024691358,0.4665012406947891,FF,4-Seamer,14.8,-15.3,0.4,3,10.6,-8,2.6,32,0.5938242280285035,0.7933491686460807
2021,Giolito, Lucas,608337,White Sox,CWS,R,93.8,1303,2970,18.333333333333332,0.43872053872053873,FF,4-Seamer,12,-13.8,1.8,13,6.7,-6.2,0.4,7,0.8764845605700713,0.5225653206650831
2021,Senzatela, Antonio,622608,Rockies,COL,R,94.6,1302,2405,14.937888198757763,0.5413721413721414,FF,4-Seamer,19.3,-14.6,-4.8,-33,4.9,-7.4,-2.5,-34,0.019002375296912115,0.19477434679334918
2021,Rodón, Carlos,607074,White Sox,CWS,L,95.4,1301,2219,13.697530864197532,0.5863001351960343,FF,4-Seamer,12.6,-13,0.4,3,7.9,-6.3,1.6,26,0.5938242280285035,0.667458432304038
2021,Gilbert, Logan,669302,Mariners,SEA,R,95.3,1300,2125,13.117283950617283,0.611764705882353,FF,4-Seamer,12.1,-13.4,1.3,10,5.4,-6.7,-1.3,-19,0.8076009501187649,0.32066508313539194
2021,Singer, Brady,663903,Royals,KC,R,93.7,1287,2287,14.117283950617283,0.5627459554000874,SIFT,Sinker,17.7,-21.3,-3.6,-17,13.3,-14.8,-1.5,-10,0.11885245901639344,0.21311475409836064
2021,Houser, Adrian,605288,Brewers,MIL,R,93.6,1264,2352,14.518518518518519,0.5374149659863946,SIFT,Sinker,23.4,-20.7,2.7,13,16,-14.6,1.4,9,0.8114754098360656,0.7540983606557377
2021,Márquez, Germán,608566,Rockies,COL,R,94.8,1257,2788,17.316770186335404,0.45086083213773315,FF,4-Seamer,18.6,-14.9,-3.7,-25,6,-7.2,-1.2,-16,0.05463182897862233,0.33016627078384797
2021,Rogers, Trevor,669432,Marlins,MIA,L,94.5,1249,2169,13.38888888888889,0.5758414015675426,FF,4-Seamer,16,-14.4,-1.6,-11,11.1,-7.3,3.7,51,0.19714964370546317,0.8741092636579573
2021,Eovaldi, Nathan,543135,Red Sox,BOS,R,96.8,1235,2927,18.067901234567902,0.4219337205329689,FF,4-Seamer,14.9,-13.5,-1.4,-10,12.2,-8.3,3.9,46,0.22802850356294538,0.8931116389548693
2021,Richards, Garrett,572070,Red Sox,BOS,R,94.3,1234,2331,14.38888888888889,0.5293865293865294,FF,4-Seamer,22,-15.1,-6.9,-45,1.3,-7.7,-9,-117,0,0.0023752969121140144
2021,Snell, Blake,605483,Padres,SD,L,95.1,1228,2347,14.487654320987655,0.5232211333617384,FF,4-Seamer,11.5,-12.9,1.4,11,5.7,-6.1,-0.4,-6,0.8218527315914489,0.4014251781472684
2021,McKenzie, Triston,663474,Indians,CLE,R,92.1,1215,1975,12.191358024691358,0.6151898734177215,FF,4-Seamer,12.5,-15,2.5,17,3.4,-6.1,-2.7,-44,0.9548693586698337,0.1828978622327791
2021,Gray, Jon,592351,Rockies,COL,R,94.9,1205,2537,15.75776397515528,0.4749704375246354,FF,4-Seamer,19.2,-14.9,-4.3,-29,12.9,-8.1,4.8,58,0.035629453681710214,0.9382422802850356
2021,Miley, Wade,489119,Reds,CIN,L,85.4,1204,2592,16,0.4645061728395062,FC,Cutter,30.4,-30.4,0,0,4,3.6,0.4,10,0.528,0.56
2021,Hendricks, Kyle,543294,Cubs,CHC,R,87.3,1187,2809,17.339506172839506,0.42257030971876114,SIFT,Sinker,26.5,-26.3,0.3,1,13.7,-14.2,-0.5,-3,0.5860655737704918,0.3442622950819672
2021,Hill, Rich,448179,Mets,NYM,L,88.1,1176,2496,15.407407407407407,0.47115384615384615,FF,4-Seamer,16.1,-18.1,1.9,11,9.2,-6.3,2.9,45,0.8859857482185273,0.8171021377672208
2021,Taillon, Jameson,592791,Yankees,NYY,R,93.9,1170,2372,14.641975308641975,0.49325463743676223,FF,4-Seamer,13.2,-14.3,1.1,8,3.4,-6.8,-3.4,-51,0.7577197149643705,0.1377672209026128
2021,Lyles, Jordan,543475,Rangers,TEX,R,93,1169,2964,18.296296296296298,0.39439946018893385,FF,4-Seamer,13.6,-14.7,1.1,8,7,-6.6,0.4,5,0.7577197149643705,0.5225653206650831
2021,Stroman, Marcus,573186,Mets,NYM,R,91.9,1160,2741,16.919753086419753,0.4232032105071142,SIFT,Sinker,27.9,-24.9,3,12,9.8,-14.9,-5.2,-35,0.8442622950819673,0.00819672131147541
2021,Peralta, Freddy,642547,Brewers,MIL,R,93.4,1158,2356,14.54320987654321,0.49151103565365023,FF,4-Seamer,14.9,-16.3,1.4,9,7,-8,-1,-12,0.8218527315914489,0.35629453681710216
2021,Paddack, Chris,663978,Padres,SD,R,94.8,1149,1869,11.537037037037036,0.6147672552166934,FF,4-Seamer,13.1,-13.4,0.3,2,9.5,-6.4,3.2,50,0.5795724465558195,0.836104513064133
2021,Bubic, Kris,663460,Royals,KC,L,90.9,1136,2202,13.592592592592593,0.5158946412352406,FF,4-Seamer,17.7,-16.6,-1.1,-6,6.2,-6.8,-0.7,-10,0.2921615201900237,0.37292161520190026
2021,Gallen, Zac,668678,D-backs,ARI,R,93.4,1128,2102,12.975308641975309,0.5366317792578497,FF,4-Seamer,14.1,-14.9,0.7,5,3.4,-7,-3.6,-51,0.672209026128266,0.1187648456057007
2021,Flexen, Chris,623167,Mariners,SEA,R,92.8,1124,2811,17.35185185185185,0.39985770188545,FF,4-Seamer,13.5,-14,0.5,4,2,-5.8,-3.8,-65,0.6199524940617577,0.10451306413301663
2021,Nola, Aaron,605400,Phillies,PHI,R,92.9,1121,2971,18.339506172839506,0.3773140356782228,FF,4-Seamer,17.6,-16.5,-1.1,-6,13.3,-8.1,5.2,64,0.2921615201900237,0.9643705463182898
2021,Means, John,607644,Orioles,BAL,L,92.8,1117,2328,14.37037037037037,0.4798109965635739,FF,4-Seamer,11.9,-14.5,2.6,18,6.7,-6.3,0.4,6,0.9691211401425178,0.5225653206650831
2021,Minor, Mike,501985,Royals,KC,L,90.9,1116,2621,16.179012345679013,0.4257916825639069,FF,4-Seamer,18.2,-16.4,-1.8,-11,1.9,-7.2,-5.3,-73,0.171021377672209,0.03800475059382423
2021,Garcia, Luis,677651,Astros,HOU,R,93.3,1116,2502,15.444444444444445,0.4460431654676259,FF,4-Seamer,13,-15.1,2.1,14,5,-7,-2,-28,0.8978622327790974,0.2517814726840855
2021,Hill, Rich,448179,Mets,NYM,L,71.4,1105,2496,15.407407407407407,0.4427083333333333,CUKC,Curveball,65.4,-64,1.5,2,20.1,14.3,5.7,40,0.549407114624506,0.9525691699604744
2021,Morton, Charlie,450203,Braves,ATL,R,80.6,1096,2987,18.5527950310559,0.3669233344492802,CUKC,Curveball,52.5,-50.7,1.9,4,16.6,10.7,5.9,55,0.5928853754940712,0.9644268774703557
2021,Irvin, Cole,608344,Athletics,OAK,L,90.8,1091,2682,16.555555555555557,0.40678598061148397,FF,4-Seamer,16.6,-16,-0.6,-4,8.2,-6.4,1.8,28,0.4085510688836104,0.7030878859857482
2021,Skubal, Tarik,669373,Tigers,DET,L,94.3,1090,2547,15.722222222222221,0.4279544562230075,FF,4-Seamer,14.8,-14.1,-0.7,-5,8.3,-6.7,1.6,24,0.3847980997624703,0.667458432304038
2021,Rodriguez, Eduardo,593958,Red Sox,BOS,L,92.6,1085,2721,16.796296296296298,0.39875045938993015,FF,4-Seamer,17.1,-15.7,-1.3,-9,7.3,-7.4,-0.2,-2,0.2494061757719715,0.42992874109263657
2021,Valdez, Framber,664285,Astros,HOU,L,92.5,1079,2090,12.901234567901234,0.5162679425837321,SIFT,Sinker,27.2,-22.5,4.7,21,13,-14.9,-1.8,-12,0.9344262295081968,0.18442622950819673
2021,Morton, Charlie,450203,Braves,ATL,R,95.5,1074,2987,18.5527950310559,0.35955808503515235,FF,4-Seamer,17.5,-14.6,-2.9,-20,13,-8.2,4.8,59,0.09263657957244656,0.9382422802850356
2021,Kaprielian, James,621076,Athletics,OAK,R,93,1069,2024,12.493827160493828,0.5281620553359684,FF,4-Seamer,16.3,-15.3,-1,-7,8.5,-7.2,1.3,18,0.3159144893111639,0.6294536817102138
2021,Shaw, Bryan,543766,Indians,CLE,R,92.8,1063,1367,8.438271604938272,0.7776152158010241,FC,Cutter,25.2,-22.8,-2.3,-10,4.7,2.1,2.6,121,0.224,0.88
2021,Javier, Cristian,664299,Astros,HOU,R,93.5,1057,1792,11.061728395061728,0.58984375,FF,4-Seamer,13.4,-15.7,2.3,15,7.9,-7.9,0,0,0.9239904988123515,0.4655581947743468
2021,Gonzales, Marco,594835,Mariners,SEA,L,88.4,1054,2324,14.345679012345679,0.4535283993115318,SIFT,Sinker,17.5,-24.4,-6.9,-28,11,-14,-3,-21,0.00819672131147541,0.0778688524590164
2021,Keller, Mitch,656605,Pirates,PIT,R,93.8,1054,1858,11.469135802469136,0.5672766415500539,FF,4-Seamer,15.3,-14.7,-0.7,-5,6.6,-6.9,-0.3,-4,0.3847980997624703,0.4180522565320665
2021,Lynn, Lance,458681,White Sox,CWS,R,94,1051,2608,16.098765432098766,0.40299079754601225,FF,4-Seamer,16,-15.2,-0.8,-5,6,-7.8,-1.8,-23,0.36104513064133015,0.26365795724465557
2021,Gausman, Kevin,592332,Giants,SF,R,83.6,1044,3002,18.530864197530864,0.34776815456362425,FS,Splitter,37,-35.5,1.6,4,12.3,-10.6,1.8,17,0.8529411764705882,0.8529411764705882
2021,Corbin, Patrick,571578,Nationals,WSH,L,80.7,1042,2750,16.97530864197531,0.3789090909090909,SL,Slider,41.6,-41.8,-0.2,0,3.5,6.7,-3.1,-47,0.4702702702702703,0.1837837837837838
2021,Wainwright, Adam,425794,Cardinals,STL,R,73.4,1040,3068,18.938271604938272,0.3389830508474576,CUKC,Curveball,66.5,-63.6,3,5,16.6,10.7,5.9,55,0.7114624505928854,0.9644268774703557
2021,Keuchel, Dallas,572971,White Sox,CWS,L,87.7,1029,2726,16.82716049382716,0.3774761555392516,SIFT,Sinker,30.1,-25.3,4.8,19,14.7,-14,0.7,5,0.9385245901639344,0.569672131147541
2021,Greinke, Zack,425844,Astros,HOU,R,88.9,1025,2577,15.907407407407407,0.39774932091579357,FF,4-Seamer,18,-17.1,-0.9,-5,1.3,-6.1,-4.8,-79,0.334916864608076,0.047505938242280284
2021,Anderson, Ian,666120,Braves,ATL,R,94.6,1024,2175,13.509316770186336,0.4708045977011494,FF,4-Seamer,13.2,-13.6,0.5,4,5.4,-6.6,-1.2,-19,0.6199524940617577,0.33016627078384797
2021,Odorizzi, Jake,543606,Astros,HOU,R,92.2,1013,1847,11.401234567901234,0.5484569572279372,FF,4-Seamer,15.6,-15.8,0.2,1,11.4,-7.3,4.1,56,0.5629453681710214,0.9121140142517815
2021,Akin, Keegan,669211,Orioles,BAL,L,92,1009,1768,10.91358024691358,0.5707013574660633,FF,4-Seamer,14.4,-15.9,1.5,9,10.7,-7.3,3.4,47,0.831353919239905,0.8527315914489311
2021,Wood, Alex,622072,Giants,SF,L,91.8,1002,2195,13.549382716049383,0.45649202733485195,SIFT,Sinker,20.9,-25.1,-4.2,-17,16,-15.2,0.8,5,0.09016393442622951,0.5942622950819673
2021,Fedde, Erick,607200,Nationals,WSH,R,93.9,998,2410,14.876543209876543,0.4141078838174274,SIFT,Sinker,20.9,-20.3,0.6,3,10.1,-14.4,-4.3,-30,0.6352459016393442,0.01639344262295082
2021,Smyly, Drew,592767,Braves,ATL,L,92.1,998,2139,13.285714285714286,0.46657316503038804,FF,4-Seamer,14.1,-14.8,0.7,5,6.8,-6.3,0.5,9,0.672209026128266,0.5463182897862233
2021,Yarbrough, Ryan,642232,Rays,TB,L,81.9,996,2488,15.358024691358025,0.4003215434083601,FC,Cutter,34.5,-34.6,0.1,0,2.1,2.5,-0.4,-15,0.544,0.424
2021,Fried, Max,608331,Braves,ATL,L,94,995,2558,15.888198757763975,0.388975762314308,FF,4-Seamer,18.1,-14.5,-3.6,-25,1.3,-6.9,-5.6,-81,0.05938242280285035,0.0332541567695962
2021,Smith, Caleb,592761,D-backs,ARI,L,91.4,994,2067,12.75925925925926,0.48089017900338654,FF,4-Seamer,14.9,-15.9,0.9,6,11.5,-6.9,4.6,67,0.7197149643705463,0.9334916864608076
2021,Dunning, Dane,641540,Rangers,TEX,R,90.4,990,1909,11.783950617283951,0.5185961236249346,SIFT,Sinker,27,-23.8,3.2,13,14.5,-14.6,0,0,0.8688524590163934,0.4180327868852459
2021,Mahle, Tyler,641816,Reds,CIN,R,86.7,989,3196,19.728395061728396,0.3094493116395494,SL,Slider,29.1,-34,-4.8,-14,2.8,5,-2.2,-44,0.032432432432432434,0.2945945945945946
2021,Gibson, Kyle,502043,Phillies,PHI,R,92.3,979,2881,17.78395061728395,0.3398125650815689,SIFT,Sinker,24.5,-20.9,3.6,17,14.9,-14.2,0.7,5,0.9057377049180327,0.569672131147541
2021,Ray, Robbie,592662,Blue Jays,TOR,L,88.6,965,3141,19.38888888888889,0.3072269977714104,SL,Slider,27.6,-31.6,-4,-13,1,3.6,-2.6,-73,0.07837837837837838,0.24324324324324326
2021,Gray, Jon,592351,Rockies,COL,R,86.7,965,2537,15.75776397515528,0.38037051635790303,SL,Slider,32.7,-33.9,-1.2,-4,2.6,4.6,-2,-43,0.34324324324324323,0.3108108108108108
2021,Ryu, Hyun Jin,547943,Blue Jays,TOR,L,89.9,964,2689,16.598765432098766,0.3584975827445147,FF,4-Seamer,20.9,-17,-4,-23,12,-6.6,5.4,82,0.04275534441805225,0.9714964370546318
2021,Allard, Kolby,663465,Rangers,TEX,L,91.5,962,2054,12.679012345679013,0.46835443037974683,FF,4-Seamer,15.7,-16.7,1,6,7.9,-7.9,-0.1,-1,0.7339667458432304,0.4489311163895487
2021,Espino, Paolo,502179,Nationals,WSH,R,89,957,1735,10.709876543209877,0.5515850144092219,FF,4-Seamer,15.4,-17.7,2.4,13,3.5,-6.6,-3.1,-47,0.9429928741092637,0.166270783847981
2021,Castillo, Luis,622491,Reds,CIN,R,88.3,953,3164,19.530864197530864,0.30120101137800254,CH,Changeup,34.1,-32.3,1.8,5,16.8,-16,0.8,5,0.7294520547945206,0.613013698630137
2021,Urías, Julio,628711,Dodgers,LAD,L,81.4,952,2786,17.19753086419753,0.3417085427135678,CUKC,Curveball,42.3,-49.5,-7.2,-15,15.8,8,7.8,97,0.06719367588932806,0.9960474308300395
2021,McCullers Jr., Lance,621121,Astros,HOU,R,93.9,948,2788,17.209876543209877,0.3400286944045911,SIFT,Sinker,24.9,-22.8,2.1,9,13.7,-15.2,-1.5,-10,0.7622950819672131,0.21311475409836064
2021,Anderson, Tyler,542881,Mariners,SEA,L,90.6,947,2602,16.061728395061728,0.3639508070714835,FF,4-Seamer,15.1,-16.5,1.4,8,8.9,-6.9,2,28,0.8218527315914489,0.7315914489311164
2021,Darvish, Yu,506433,Padres,SD,R,86.6,940,2769,17.09259259259259,0.339472733838931,FC,Cutter,34.4,-29.1,-5.3,-18,4.9,2.9,2.1,72,0.064,0.84
2021,Giolito, Lucas,608337,White Sox,CWS,R,81.5,940,2970,18.333333333333332,0.3164983164983165,CH,Changeup,28.1,-30.7,-2.5,-8,10.2,-12.1,-1.9,-16,0.23972602739726026,0.1678082191780822
2021,Woodruff, Brandon,605540,Brewers,MIL,R,96.5,939,2810,17.34567901234568,0.33416370106761567,FF,4-Seamer,12.7,-13.4,0.7,5,6.3,-7.7,-1.3,-17,0.672209026128266,0.32066508313539194
2021,Berríos, José,621244,Blue Jays,TOR,R,82.9,927,3043,18.78395061728395,0.30463358527768647,CUKC,Curveball,43.6,-48.2,-4.6,-9,15,9.9,5.2,52,0.1383399209486166,0.9407114624505929
2021,Arrieta, Jake,453562,Padres,SD,R,91.4,926,1746,10.777777777777779,0.5303550973654066,SIFT,Sinker,24,-22.7,1.2,5,15.8,-14.7,1.1,8,0.7008196721311475,0.6721311475409836
2021,Pineda, Michael,501381,Twins,MIN,R,90.6,923,1707,10.537037037037036,0.5407147041593439,FF,4-Seamer,19,-15.8,-3.2,-20,6.5,-6,0.5,8,0.07838479809976247,0.5463182897862233
2021,Kikuchi, Yusei,579328,Mariners,SEA,L,95.1,918,2562,15.814814814814815,0.3583138173302108,FF,4-Seamer,14,-14.4,0.4,3,10.1,-7.9,2.2,28,0.5938242280285035,0.7529691211401425
2021,Plesac, Zach,668676,Indians,CLE,R,92.8,915,2205,13.61111111111111,0.41496598639455784,FF,4-Seamer,14.7,-15.2,0.6,4,8.7,-7,1.8,25,0.6508313539192399,0.7030878859857482
2021,Cease, Dylan,656302,White Sox,CWS,R,85.9,903,2957,18.253086419753085,0.30537707135610415,SL,Slider,38.1,-35,3.1,9,6.9,4.5,2.4,54,0.8135135135135135,0.7972972972972973
2021,Walker, Taijuan,592836,Mets,NYM,R,94.5,901,2547,15.722222222222221,0.353749509226541,FF,4-Seamer,13.5,-14,0.5,4,9.4,-6.7,2.8,42,0.6199524940617577,0.8052256532066508
2021,Castillo, Luis,622491,Reds,CIN,R,97.1,898,3164,19.530864197530864,0.2838179519595449,FF,4-Seamer,16.2,-15.1,-1.1,-7,11.3,-9.5,1.8,19,0.2921615201900237,0.7030878859857482
2021,Smyly, Drew,592767,Braves,ATL,L,78.9,897,2139,13.285714285714286,0.41935483870967744,CUKC,Curveball,44.2,-53.1,-8.9,-17,2.9,6.7,-9.6,-144,0.043478260869565216,0
2021,DeSclafani, Anthony,543101,Giants,SF,R,88,897,2558,15.790123456790123,0.3506645817044566,SL,Slider,30.4,-32.4,-2,-6,4.1,4.2,0,-1,0.24054054054054055,0.5432432432432432
2021,Berríos, José,621244,Blue Jays,TOR,R,93.8,896,3043,18.78395061728395,0.294446270128163,SIFT,Sinker,19.8,-21.5,-1.6,-8,16.2,-14.8,1.4,9,0.29508196721311475,0.7540983606557377
2021,Urquidy, José,664353,Astros,HOU,R,92.5,896,1631,10.067901234567902,0.5493562231759657,FF,4-Seamer,12.7,-14.9,2.2,15,7.8,-6.5,1.3,21,0.9073634204275535,0.6294536817102138
2021,Megill, Tylor,656731,Mets,NYM,R,94.6,895,1554,9.592592592592593,0.575933075933076,FF,4-Seamer,14.4,-14.2,-0.2,-2,9.4,-7,2.4,35,0.48931116389548696,0.7719714964370546
2021,Ohtani, Shohei,660271,Angels,LAA,R,95.6,893,2027,12.512345679012345,0.44055254070054267,FF,4-Seamer,14.7,-13.5,-1.2,-9,3.8,-7.2,-3.4,-47,0.28028503562945367,0.1377672209026128
2021,Kikuchi, Yusei,579328,Mariners,SEA,L,91.3,890,2562,15.814814814814815,0.3473848555815769,FC,Cutter,23.2,-23.2,0.1,0,0,1.5,-1.5,-101,0.544,0.264
2021,Suter, Brent,608718,Brewers,MIL,L,87.3,880,1221,7.537037037037037,0.7207207207207207,FF,4-Seamer,23.9,-20.8,-3.1,-15,3.6,-1.2,-4.9,-393,0.0831353919239905,0.04513064133016627
2021,Montas, Frankie,593423,Athletics,OAK,R,96.2,879,3028,18.691358024691358,0.29029062087186264,SIFT,Sinker,15.4,-19.7,-4.3,-22,14.9,-14.9,0,0,0.08196721311475409,0.4180327868852459
2021,Montas, Frankie,593423,Athletics,OAK,R,96.4,877,3028,18.691358024691358,0.28963011889035667,FF,4-Seamer,12,-13.2,1.3,10,7,-7,0,-1,0.8076009501187649,0.4655581947743468
2021,Alcantara, Sandy,645261,Marlins,MIA,R,97.6,874,3095,19.104938271604937,0.2823909531502423,SIFT,Sinker,21.5,-19.7,1.8,9,17.3,-15.3,1.9,13,0.7377049180327869,0.8360655737704918
2021,Velasquez, Vince,592826,Padres,SD,R,93.2,874,1750,10.802469135802468,0.49942857142857144,FF,4-Seamer,13.2,-15.2,2,13,3.6,-7.3,-3.6,-50,0.8931116389548693,0.1187648456057007
2021,Singer, Brady,663903,Royals,KC,R,85.4,872,2287,14.117283950617283,0.3812855268911237,SL,Slider,36.6,-35.6,1,3,3.8,5.7,-1.9,-34,0.5972972972972973,0.3216216216216216
2021,Gutierrez, Vladimir,661269,Reds,CIN,R,93.2,864,1831,11.302469135802468,0.4718732932823594,FF,4-Seamer,16.6,-16,-0.7,-4,10.3,-8.2,2.1,26,0.3847980997624703,0.7410926365795725
2021,Wainwright, Adam,425794,Cardinals,STL,R,89.1,860,3068,18.938271604938272,0.2803129074315515,SIFT,Sinker,22.2,-23.2,-1,-4,12.7,-13.8,-1,-8,0.3729508196721312,0.2786885245901639
2021,Kershaw, Clayton,477132,Dodgers,LAD,L,87.1,858,1806,11.148148148148149,0.4750830564784053,SL,Slider,27.9,-33.5,-5.6,-17,4.7,4,0.7,18,0.016216216216216217,0.6405405405405405
2021,Stripling, Ross,548389,Blue Jays,TOR,R,91.9,858,1686,10.407407407407407,0.5088967971530249,FF,4-Seamer,14.1,-14.4,0.3,2,4.4,-5.6,-1.2,-22,0.5795724465558195,0.33016627078384797
2021,Ober, Bailey,641927,Twins,MIN,R,92.3,856,1476,9.11111111111111,0.5799457994579946,FF,4-Seamer,16.2,-15.5,-0.7,-4,6.4,-6.5,-0.2,-3,0.3847980997624703,0.42992874109263657
2021,Green, Chad,643338,Yankees,NYY,R,95.7,854,1312,8.098765432098766,0.6509146341463414,FF,4-Seamer,10.7,-13.4,2.6,20,4.5,-7,-2.5,-36,0.9691211401425178,0.19477434679334918
2021,Peacock, Matt,676840,D-backs,ARI,R,93.3,847,1323,8.166666666666666,0.6402116402116402,SIFT,Sinker,25.6,-23.7,1.9,8,16.4,-15.3,1.2,8,0.7459016393442623,0.7131147540983607
2021,Davies, Zach,605200,Cubs,CHC,R,78.5,847,2577,15.907407407407407,0.3286767559177338,CH,Changeup,36.5,-36.8,-0.3,-1,13.7,-14.2,-0.5,-3,0.4691780821917808,0.3698630136986301
2021,Bassitt, Chris,605135,Athletics,OAK,R,92.7,847,2381,14.697530864197532,0.35573288534229314,SIFT,Sinker,21.6,-22.5,-0.8,-4,16.5,-14.8,1.7,11,0.3975409836065574,0.8032786885245902
2021,Adams, Austin,613534,Padres,SD,R,86.9,837,962,5.938271604938271,0.8700623700623701,SL,Slider,35.3,-34.2,1.2,3,10,5.6,4.3,77,0.6243243243243243,0.9
2021,Mills, Alec,621219,Cubs,CHC,R,89.1,829,1936,11.950617283950617,0.428202479338843,SIFT,Sinker,26.9,-24.8,2.1,8,16.1,-14.4,1.8,12,0.7622950819672131,0.8114754098360656
2021,Quantrill, Cal,615698,Indians,CLE,R,94.3,828,2357,14.549382716049383,0.3512940178192618,SIFT,Sinker,16.6,-19.5,-3,-15,13.3,-14.3,-1,-7,0.16393442622950818,0.2786885245901639
2021,Finnegan, Kyle,640448,Nationals,WSH,R,95.6,827,1209,7.462962962962963,0.6840363937138131,SIFT,Sinker,14.5,-19.6,-5.1,-26,11.6,-14.8,-3.2,-21,0.04918032786885246,0.07377049180327869
2021,Lauer, Eric,641778,Brewers,MIL,L,92.5,827,1956,12.074074074074074,0.42280163599182,FF,4-Seamer,14.9,-15.5,0.7,4,10.2,-7.2,3.1,43,0.672209026128266,0.8266033254156769
2021,Patiño, Luis,672715,Rays,TB,R,95.7,826,1365,8.425925925925926,0.6051282051282051,FF,4-Seamer,11.4,-13.6,2.2,16,4.2,-7.4,-3.2,-43,0.9073634204275535,0.15676959619952494
2021,Flexen, Chris,623167,Mariners,SEA,R,89.1,825,2811,17.35185185185185,0.2934898612593383,FC,Cutter,27,-26.4,-0.6,-2,5,3.3,1.7,51,0.44,0.8
2021,Webb, Logan,657277,Giants,SF,R,92.8,819,2214,13.666666666666666,0.3699186991869919,SIFT,Sinker,31.7,-23.1,8.6,37,15.2,-15.2,0,0,0.9918032786885246,0.4180327868852459
2021,Keller, Brad,641745,Royals,KC,R,86.1,817,2348,14.493827160493828,0.3479557069846678,SL,Slider,40.6,-34.9,5.7,16,6.1,4.3,1.7,40,0.9621621621621622,0.7486486486486487
2021,Musgrove, Joe,605397,Padres,SD,R,84.1,815,2938,18.135802469135804,0.2773995915588836,SL,Slider,40.5,-37.4,3,8,14,5.3,8.8,166,0.7918918918918919,0.9864864864864865
2021,Rodríguez, Richard,593144,Braves,ATL,R,93.1,812,944,5.863354037267081,0.8601694915254238,FF,4-Seamer,16.6,-15.1,-1.5,-10,13.4,-7,6.5,93,0.20665083135391923,0.9833729216152018
2021,Widener, Taylor,642203,D-backs,ARI,R,92.6,808,1216,7.506172839506172,0.6644736842105263,FF,4-Seamer,16.7,-16.3,-0.4,-3,5.8,-8,-2.2,-27,0.44655581947743467,0.22565320665083136
2021,Berríos, José,621244,Blue Jays,TOR,R,94.1,805,3043,18.78395061728395,0.26454157081827145,FF,4-Seamer,16.5,-15.2,-1.3,-8,9.9,-7.8,2.1,27,0.2494061757719715,0.7410926365795725
2021,Alvarado, José,621237,Phillies,PHI,L,99.4,804,1045,6.450617283950617,0.769377990430622,SIFT,Sinker,15,-15.4,-0.4,-3,14.7,-14.2,0.5,4,0.45081967213114754,0.5327868852459017
2021,Nola, Aaron,605400,Phillies,PHI,R,78.5,801,2971,18.339506172839506,0.2696061932009424,CUKC,Curveball,55.1,-52.2,3,6,14.6,12.7,1.9,15,0.7114624505928854,0.7391304347826086
2021,Ureña, José,570632,Tigers,DET,R,93.8,799,1695,10.462962962962964,0.4713864306784661,SIFT,Sinker,23.9,-20.9,3,14,15.9,-14.7,1.1,8,0.8442622950819673,0.6721311475409836
2021,McClanahan, Shane,663556,Rays,TB,L,96.4,797,1954,12.061728395061728,0.4078812691914023,FF,4-Seamer,13.3,-12.7,-0.7,-5,10.5,-6.6,3.9,59,0.3847980997624703,0.8931116389548693
2021,Wheeler, Zack,554430,Phillies,PHI,R,91.5,795,3205,19.78395061728395,0.24804992199687986,SL,Slider,26.7,-27.7,-1,-4,2.3,2.9,-0.5,-19,0.35945945945945945,0.4972972972972973
2021,Ross, Joe,605452,Nationals,WSH,R,93.5,785,1700,10.493827160493828,0.46176470588235297,SIFT,Sinker,20.9,-21,0,0,14.2,-14.6,-0.4,-3,0.5163934426229508,0.3524590163934426
2021,Bumgarner, Madison,518516,D-backs,ARI,L,86,784,2294,14.160493827160494,0.34176111595466435,FC,Cutter,28.9,-29.8,0.9,3,2.8,2.7,0.1,5,0.664,0.496
2021,Kelly, Merrill,518876,D-backs,ARI,R,91.7,783,2425,14.969135802469136,0.32288659793814434,FF,4-Seamer,16.9,-16.4,-0.4,-3,7.2,-7.7,-0.5,-7,0.44655581947743467,0.39667458432304037
2021,McGee, Jake,459429,Giants,SF,L,94.9,781,878,5.419753086419753,0.8895216400911162,FF,4-Seamer,15,-14.8,-0.2,-2,11.5,-7.8,3.7,47,0.48931116389548696,0.8741092636579573
2021,Rasmussen, Drew,656876,Rays,TB,R,97.1,781,1202,7.419753086419753,0.6497504159733777,FF,4-Seamer,11.6,-12.7,1.2,9,4.4,-7.3,-2.9,-40,0.7767220902612827,0.17577197149643706
2021,Corbin, Patrick,571578,Nationals,WSH,L,92.6,780,2750,16.97530864197531,0.28363636363636363,SIFT,Sinker,19.4,-20.6,-1.2,-6,14,-14.2,-0.2,-1,0.3442622950819672,0.38934426229508196
2021,Keuchel, Dallas,572971,White Sox,CWS,L,79.6,779,2726,16.82716049382716,0.28576669112252384,CH,Changeup,37.9,-34.2,3.6,11,14.7,-13.2,1.5,11,0.8767123287671232,0.7226027397260274
2021,Colomé, Alex,517008,Twins,MIN,R,89.5,777,1102,6.802469135802469,0.70508166969147,FC,Cutter,26.8,-25.8,-1,-4,2.4,2.6,-0.2,-6,0.376,0.448
2021,Alzolay, Adbert,640470,Cubs,CHC,R,86.2,777,1955,12.067901234567902,0.39744245524296673,SL,Slider,33.4,-34.7,-1.2,-4,7.3,4.6,2.8,60,0.34324324324324323,0.8162162162162162
2021,Hearn, Taylor,621368,Rangers,TEX,L,95.1,776,1726,10.654320987654321,0.4495944380069525,FF,4-Seamer,13.6,-13.7,0.1,1,6.3,-6.7,-0.4,-7,0.5510688836104513,0.4014251781472684
2021,López, Jorge,605347,Orioles,BAL,R,95.3,776,2166,13.37037037037037,0.358264081255771,SIFT,Sinker,19.7,-20.1,-0.3,-2,16.1,-14.9,1.2,8,0.4713114754098361,0.7131147540983607
2021,Lynn, Lance,458681,White Sox,CWS,R,88.7,775,2608,16.098765432098766,0.29716257668711654,FC,Cutter,29.8,-26.9,-2.9,-11,2.7,2.1,0.6,30,0.16,0.608
2021,Hendricks, Kyle,543294,Cubs,CHC,R,80,770,2809,17.339506172839506,0.2741189035243859,CH,Changeup,32,-33.7,-1.7,-5,13.2,-13.4,-0.2,-2,0.2979452054794521,0.4178082191780822
2021,Luetge, Lucas,476595,Yankees,NYY,L,88.3,765,1241,7.660493827160494,0.6164383561643836,FC,Cutter,27.5,-27.2,-0.2,-1,4.8,2.8,2,70,0.496,0.832
2021,Senzatela, Antonio,622608,Rockies,COL,R,86.1,763,2405,14.937888198757763,0.3172557172557173,SL,Slider,34.1,-34.8,-0.7,-2,5,4.6,0.4,9,0.4,0.6081081081081081
2021,Hendriks, Liam,521230,White Sox,CWS,R,97.7,761,1131,6.981481481481482,0.6728558797524314,FF,4-Seamer,10.2,-12.5,2.3,19,6.8,-7.8,-1,-13,0.9239904988123515,0.35629453681710216
2021,Hoffman, Jeff,656546,Reds,CIN,R,94.3,760,1360,8.395061728395062,0.5588235294117647,FF,4-Seamer,12.6,-14,1.5,10,10.4,-6.7,3.7,56,0.831353919239905,0.8741092636579573
2021,Corbin, Patrick,571578,Nationals,WSH,L,92.3,760,2750,16.97530864197531,0.27636363636363637,FF,4-Seamer,17.1,-14.8,-2.4,-16,8,-6,2.1,35,0.11401425178147269,0.7410926365795725
2021,Harvey, Matt,518774,Orioles,BAL,R,93.4,758,2232,13.777777777777779,0.3396057347670251,FF,4-Seamer,17,-14.9,-2.1,-14,12.3,-6.9,5.4,79,0.1496437054631829,0.9714964370546318
2021,Crowe, Wil,640444,Pirates,PIT,R,93.7,758,2171,13.401234567901234,0.3491478581298941,FF,4-Seamer,14.5,-14.6,0.1,1,3.1,-6.9,-3.8,-54,0.5510688836104513,0.10451306413301663
2021,González, Chi Chi,592346,Rockies,COL,R,91.9,756,1635,10.15527950310559,0.46238532110091746,FF,4-Seamer,20.6,-15.8,-4.7,-30,2.8,-7.2,-4.4,-61,0.021377672209026127,0.07363420427553444
2021,Matzek, Tyler,554431,Braves,ATL,L,96,753,1065,6.614906832298137,0.7070422535211267,FF,4-Seamer,11.7,-13.2,1.5,11,4.9,-6.9,-2.1,-30,0.831353919239905,0.2375296912114014
2021,Castillo, Luis,622491,Reds,CIN,R,97.3,752,3164,19.530864197530864,0.23767383059418457,SIFT,Sinker,24.5,-22.4,2.1,9,17.6,-16.3,1.3,8,0.7622950819672131,0.7418032786885246
2021,Woodruff, Brandon,605540,Brewers,MIL,R,96.2,750,2810,17.34567901234568,0.2669039145907473,SIFT,Sinker,16.8,-19.1,-2.3,-12,14,-14.8,-0.9,-6,0.20901639344262296,0.28688524590163933
2021,Bumgarner, Madison,518516,D-backs,ARI,L,90.4,749,2294,14.160493827160494,0.32650392327811684,FF,4-Seamer,18.2,-16.9,-1.3,-8,8.5,-6.7,1.7,26,0.2494061757719715,0.6817102137767221
2021,Gomber, Austin,596295,Rockies,COL,L,91.6,747,1851,11.496894409937887,0.4035656401944895,FF,4-Seamer,14.6,-14.8,0.2,1,5.9,-5.8,0.1,2,0.5629453681710214,0.4821852731591449
2021,Márquez, Germán,608566,Rockies,COL,R,86.2,747,2788,17.316770186335404,0.26793400286944047,SL,Slider,34.9,-34.8,0.2,0,1.5,4.3,-2.8,-64,0.5135135135135135,0.21351351351351353
2021,Alcantara, Sandy,645261,Marlins,MIA,R,90.4,745,3095,19.104938271604937,0.2407108239095315,SL,Slider,30.1,-29.8,0.4,1,1.3,2.5,-3.9,-151,0.527027027027027,0.11891891891891893
2021,Fleming, Josh,676596,Rays,TB,L,91.2,744,1629,10.055555555555555,0.4567219152854512,SIFT,Sinker,29.3,-23.6,5.6,24,18.3,-14.7,3.6,24,0.9549180327868853,0.9959016393442623
2021,Williams, Trevor,592866,Mets,NYM,R,91.5,742,1537,9.487654320987655,0.4827586206896552,FF,4-Seamer,19.9,-17.2,-2.7,-16,3.9,-7.8,-3.9,-50,0.1021377672209026,0.09738717339667459
2021,Lester, Jon,452657,Cardinals,STL,L,88.7,740,2380,14.691358024691358,0.31092436974789917,FF,4-Seamer,20,-17.8,-2.2,-12,5,-6.5,-1.5,-23,0.1330166270783848,0.28978622327790976
2021,Kennedy, Ian,453178,Phillies,PHI,R,94.1,740,899,5.549382716049383,0.8231368186874305,FF,4-Seamer,13.3,-15.5,2.2,14,10.8,-8.3,2.5,30,0.9073634204275535,0.7814726840855107
2021,Gant, John,607231,Twins,MIN,R,91.6,737,1975,12.191358024691358,0.37316455696202533,SIFT,Sinker,20.1,-22.4,-2.2,-10,16.2,-14.5,1.7,12,0.21721311475409835,0.8032786885245902
2021,Suárez, Ranger,624133,Phillies,PHI,L,92.9,734,1614,9.962962962962964,0.4547707558859975,SIFT,Sinker,23.9,-21.6,2.3,11,15.8,-14.7,1,7,0.7909836065573771,0.639344262295082
2021,Kim, Kwang Hyun,547942,Cardinals,STL,L,89.1,729,1784,11.012345679012345,0.4086322869955157,FF,4-Seamer,18.7,-17.7,-1,-6,0.7,-5.8,-5.1,-88,0.3159144893111639,0.040380047505938245
2021,Alcantara, Sandy,645261,Marlins,MIA,R,91.8,728,3095,19.104938271604937,0.23521809369951535,CH,Changeup,29.2,-26.7,2.5,9,16.1,-14.7,1.3,9,0.773972602739726,0.702054794520548
2021,Kopech, Michael,656629,White Sox,CWS,R,97.3,725,1154,7.1234567901234565,0.6282495667244368,FF,4-Seamer,10.5,-13,2.5,19,9.8,-7.9,1.9,24,0.9548693586698337,0.7220902612826603
2021,Stephan, Trevor,663986,Indians,CLE,R,96.2,723,1210,7.469135802469136,0.5975206611570248,FF,4-Seamer,15,-13.8,-1.3,-9,9,-7.9,1,13,0.2494061757719715,0.6009501187648456
2021,Clase, Emmanuel,661403,Indians,CLE,R,100.2,723,1057,6.5246913580246915,0.6840113528855251,FC,Cutter,16.4,-16.3,-0.1,-1,2.7,2.7,0,0,0.512,0.48
2021,Manaea, Sean,640455,Athletics,OAK,L,84.5,722,2980,18.395061728395063,0.24228187919463087,CH,Changeup,31.7,-30.9,0.7,2,12.2,-13.6,-1.4,-10,0.6267123287671232,0.22602739726027396
2021,McCullers Jr., Lance,621121,Astros,HOU,R,86,719,2788,17.209876543209877,0.2578909612625538,SL,Slider,32.5,-35.4,-2.9,-8,13.7,6.8,6.9,102,0.16756756756756758,0.9567567567567568
2021,Ynoa, Huascar,660623,Braves,ATL,R,85.1,715,1482,9.20496894409938,0.4824561403508772,SL,Slider,41.7,-36.1,5.6,15,2.4,5,-2.6,-51,0.9540540540540541,0.24324324324324326
2021,Moore, Matt,519043,Phillies,PHI,L,92.4,713,1254,7.7407407407407405,0.5685805422647527,FF,4-Seamer,16.9,-15.2,-1.7,-11,12.8,-6.7,6.1,92,0.17814726840855108,0.9809976247030879
2021,Wacha, Michael,608379,Rays,TB,R,93.8,712,1974,12.185185185185185,0.3606889564336373,FF,4-Seamer,12.6,-13.7,1.1,8,6.8,-6.1,0.7,12,0.7577197149643705,0.5748218527315915
2021,Wisler, Matt,605538,Rays,TB,R,81.5,711,787,4.8580246913580245,0.9034307496823379,SL,Slider,41.8,-40.6,1.2,3,9.6,7.6,2,26,0.6243243243243243,0.7648648648648648
2021,Johnson, Pierce,572955,Padres,SD,R,84.3,704,1045,6.450617283950617,0.6736842105263158,CUKC,Curveball,43.5,-46.2,-2.8,-6,11,7,4,57,0.2450592885375494,0.8774703557312253
2021,deGrom, Jacob,594798,Mets,NYM,R,99.2,704,1226,7.567901234567901,0.5742251223491027,FF,4-Seamer,11.4,-12,0.6,5,9.1,-8.9,0.1,1,0.6508313539192399,0.4821852731591449
2021,Anderson, Tyler,542881,Mariners,SEA,L,85,702,2602,16.061728395061728,0.2697924673328209,FC,Cutter,27.8,-30.7,2.9,9,2.2,3,-0.9,-29,0.824,0.352
2021,Doolittle, Sean,448281,Mariners,SEA,L,93.1,701,866,5.345679012345679,0.8094688221709007,FF,4-Seamer,11.6,-15.2,3.6,24,3.6,-7,-3.4,-48,0.9904988123515439,0.1377672209026128
2021,Musgrove, Joe,605397,Padres,SD,R,82.1,698,2938,18.135802469135804,0.23757658270932608,CUKC,Curveball,54.7,-49.8,4.9,10,11,7.3,3.8,52,0.8814229249011858,0.8616600790513834
2021,Miley, Wade,489119,Reds,CIN,L,81.9,697,2592,16,0.2689043209876543,CH,Changeup,33.9,-31.5,2.5,8,14.8,-13.2,1.5,11,0.773972602739726,0.7226027397260274
2021,Weathers, Ryan,677960,Padres,SD,L,94,696,1617,9.981481481481481,0.43042671614100186,FF,4-Seamer,16.9,-15.6,-1.3,-8,11.6,-7.9,3.7,46,0.2494061757719715,0.8741092636579573
2021,Yarbrough, Ryan,642232,Rays,TB,L,78.4,695,2488,15.358024691358025,0.27934083601286175,CH,Changeup,38.4,-37,1.4,4,17.4,-15,2.4,16,0.6986301369863014,0.8458904109589042
2021,Hernández, Carlos,672578,Royals,KC,R,97.1,695,1434,8.851851851851851,0.48465829846582986,FF,4-Seamer,11.8,-12.8,1,8,6.9,-7.6,-0.7,-9,0.7339667458432304,0.37292161520190026
2021,McCullers Jr., Lance,621121,Astros,HOU,R,84.1,694,2788,17.209876543209877,0.24892395982783358,CUKC,Curveball,49.2,-46,3.2,7,11.9,9.6,2.3,23,0.7351778656126482,0.7747035573122529
2021,Stanek, Ryne,592773,Astros,HOU,R,97.6,694,1166,7.197530864197531,0.5951972555746141,FF,4-Seamer,12.4,-12.5,0.1,1,10.2,-7.2,3,41,0.5510688836104513,0.8218527315914489
2021,Keller, Brad,641745,Royals,KC,R,94.2,693,2348,14.493827160493828,0.295144804088586,FF,4-Seamer,16.7,-14.3,-2.4,-17,1,-6.7,-7.7,-115,0.11401425178147269,0.007125890736342043
2021,Quantrill, Cal,615698,Indians,CLE,R,88.2,690,2357,14.549382716049383,0.2927450148493848,SL,Slider,29.5,-32.2,-2.7,-8,2.7,3.7,-0.9,-26,0.2,0.45135135135135135
2021,DeSclafani, Anthony,543101,Giants,SF,R,94.1,690,2558,15.790123456790123,0.26974198592650506,FF,4-Seamer,14.6,-15,0.4,2,9.6,-7.6,2,26,0.5938242280285035,0.7315914489311164
2021,Glasnow, Tyler,607192,Rays,TB,R,97,688,1339,8.265432098765432,0.513816280806572,FF,4-Seamer,11.9,-12.3,0.4,3,1.8,-6.4,-4.6,-72,0.5938242280285035,0.057007125890736345
2021,Morgan, Eli,669212,Indians,CLE,R,90.5,687,1414,8.728395061728396,0.48585572842998587,FF,4-Seamer,16.1,-16.6,0.5,3,11.4,-7,4.4,63,0.6199524940617577,0.9239904988123515
2021,Weaver, Luke,596133,D-backs,ARI,R,93.6,687,1109,6.845679012345679,0.6194770063119928,FF,4-Seamer,13.8,-15.4,1.7,11,7.4,-7.6,-0.2,-3,0.8646080760095012,0.42992874109263657
2021,Karinchak, James,675916,Indians,CLE,R,95.9,686,1032,6.37037037037037,0.6647286821705426,FF,4-Seamer,12,-13.1,1.1,9,5.1,-6.6,-1.4,-22,0.7577197149643705,0.3087885985748218
2021,Crismatt, Nabil,622503,Padres,SD,R,82.3,685,1337,8.253086419753087,0.512341062079282,CH,Changeup,39,-35.4,3.5,10,13.9,-14,-0.1,-1,0.8664383561643836,0.4383561643835616
2021,Keller, Brad,641745,Royals,KC,R,93.7,684,2348,14.493827160493828,0.29131175468483816,SIFT,Sinker,21.5,-20.8,0.7,3,10.8,-14.6,-3.8,-26,0.639344262295082,0.045081967213114756
2021,Mize, Casey,663554,Tigers,DET,R,93.9,684,2357,14.549382716049383,0.29019940602460753,FF,4-Seamer,15.3,-14.9,-0.4,-3,9.1,-7.3,1.8,24,0.44655581947743467,0.7030878859857482
2021,Ryu, Hyun Jin,547943,Blue Jays,TOR,L,79.9,684,2689,16.598765432098766,0.25436965414652285,CH,Changeup,36.2,-35,1.2,3,14,-13.8,0.2,2,0.6746575342465754,0.4897260273972603
2021,Wood, Alex,622072,Giants,SF,L,84,682,2195,13.549382716049383,0.31070615034168564,SL,Slider,41.3,-38.3,3.1,8,3.9,8.3,-4.4,-53,0.8135135135135135,0.1
2021,Lyles, Jordan,543475,Rangers,TEX,R,83.3,682,2964,18.296296296296298,0.2300944669365722,SL,Slider,39.1,-38.4,0.7,2,10.2,6.5,3.7,58,0.5594594594594594,0.8702702702702703
2021,Flaherty, Jack,656427,Cardinals,STL,R,93.6,681,1353,8.351851851851851,0.5033259423503326,FF,4-Seamer,15.8,-15.4,-0.4,-3,4,-7.8,-3.8,-48,0.44655581947743467,0.10451306413301663
2021,Anderson, Ian,666120,Braves,ATL,R,88.1,679,2175,13.509316770186336,0.312183908045977,CH,Changeup,23.1,-27.2,-4,-15,10.1,-13.2,-3,-23,0.09931506849315068,0.0821917808219178
2021,Montas, Frankie,593423,Athletics,OAK,R,87.5,677,3028,18.691358024691358,0.2235799207397622,FS,Splitter,31.7,-31.4,0.3,1,11.5,-11.6,-0.1,-1,0.5882352941176471,0.47058823529411764
2021,Ryu, Hyun Jin,547943,Blue Jays,TOR,L,86.3,676,2689,16.598765432098766,0.2513945704722945,FC,Cutter,28.2,-29.6,1.3,5,0.4,3,-3.4,-114,0.696,0.064
2021,Bubic, Kris,663460,Royals,KC,L,80,675,2202,13.592592592592593,0.3065395095367847,CH,Changeup,35,-35.2,-0.2,-1,12.7,-13.8,-1.2,-9,0.476027397260274,0.25
2021,Sheffield, Justus,656954,Mariners,SEA,L,92.3,675,1470,9.074074074074074,0.45918367346938777,SIFT,Sinker,24.1,-23.8,0.3,1,14.9,-14.9,-0.1,0,0.5860655737704918,0.4057377049180328
2021,McClanahan, Shane,663556,Rays,TB,L,89.2,674,1954,12.061728395061728,0.34493346980552714,SL,Slider,32.3,-31.2,1.1,3,3.8,3.8,0,0,0.6135135135135135,0.5432432432432432
2021,May, Trevor,543507,Mets,NYM,R,96.5,673,1117,6.895061728395062,0.6025067144136079,FF,4-Seamer,11.6,-13.2,1.6,12,6.2,-7.7,-1.5,-19,0.8479809976247031,0.28978622327790976
2021,Pagán, Emilio,641941,Padres,SD,R,94.9,672,1098,6.777777777777778,0.6120218579234973,FF,4-Seamer,12.1,-14.7,2.6,18,5.8,-8,-2.2,-27,0.9691211401425178,0.22565320665083136
2021,Wainwright, Adam,425794,Cardinals,STL,R,84.9,672,3068,18.938271604938272,0.21903520208604954,FC,Cutter,31.1,-31.1,0,0,6.4,3.8,2.6,68,0.528,0.88
2021,Kim, Kwang Hyun,547942,Cardinals,STL,L,83.5,667,1784,11.012345679012345,0.37387892376681614,SL,Slider,34.8,-38.1,-3.3,-9,5.2,6.7,-1.5,-22,0.13243243243243244,0.3783783783783784
2021,Alcantara, Sandy,645261,Marlins,MIA,R,98.1,667,3095,19.104938271604937,0.21550888529886914,FF,4-Seamer,14.8,-12.9,-1.9,-14,10.6,-8,2.6,33,0.16389548693586697,0.7933491686460807
2021,Manoah, Alek,666201,Blue Jays,TOR,R,93.7,666,1845,11.38888888888889,0.36097560975609755,FF,4-Seamer,15.4,-14.8,-0.6,-4,5,-7.2,-2.2,-30,0.4085510688836104,0.22565320665083136
2021,Eflin, Zach,621107,Phillies,PHI,R,92.4,666,1615,9.969135802469136,0.41238390092879257,SIFT,Sinker,24.5,-21.9,2.6,12,16.9,-14.6,2.3,16,0.8073770491803278,0.9221311475409836
2021,Brubaker, JT,664141,Pirates,PIT,R,87.2,665,1944,12,0.3420781893004115,SL,Slider,32.9,-33.5,-0.6,-2,1.3,3.9,-2.6,-66,0.41081081081081083,0.24324324324324326
2021,Stratton, Chris,608717,Pirates,PIT,R,93,664,1374,8.481481481481481,0.48326055312954874,FF,4-Seamer,15.8,-15.1,-0.7,-5,4.6,-7,-2.3,-34,0.3847980997624703,0.2209026128266033
2021,Steckenrider, Drew,608716,Mariners,SEA,R,94,663,1008,6.222222222222222,0.6577380952380952,FF,4-Seamer,12.4,-14.6,2.2,15,8.7,-6.9,1.8,26,0.9073634204275535,0.7030878859857482
2021,Keuchel, Dallas,572971,White Sox,CWS,L,85.1,663,2726,16.82716049382716,0.24321349963316213,FC,Cutter,29.6,-30.4,0.9,3,1.7,3.2,-1.5,-47,0.664,0.264
2021,Cobb, Alex,502171,Angels,LAA,R,92.7,663,1579,9.746913580246913,0.41988600379987334,SIFT,Sinker,19.8,-22.4,-2.6,-12,15.5,-14.9,0.6,4,0.18442622950819673,0.5450819672131147
2021,Bauer, Trevor,545333,Dodgers,LAD,R,93.9,663,1787,11.030864197530864,0.3710128707330722,FF,4-Seamer,11.2,-15.1,3.9,26,9.9,-7.6,2.3,31,0.995249406175772,0.7648456057007126
2021,Estévez, Carlos,608032,Rockies,COL,R,97.1,662,1007,6.254658385093168,0.6573982125124131,FF,4-Seamer,14.5,-13.3,-1.1,-9,8.5,-8.1,0.4,5,0.2921615201900237,0.5225653206650831
2021,Cueto, Johnny,456501,Giants,SF,R,91.8,662,1878,11.592592592592593,0.35250266240681577,FF,4-Seamer,17,-16.5,-0.5,-3,11.7,-7.8,3.8,49,0.4346793349168646,0.8859857482185273
2021,Kershaw, Clayton,477132,Dodgers,LAD,L,90.6,662,1806,11.148148148148149,0.36655592469545956,FF,4-Seamer,14,-16.2,2.2,14,0.5,-6.5,-7,-108,0.9073634204275535,0.0166270783847981
2021,Kuhl, Chad,641771,Pirates,PIT,R,88.2,661,1436,8.864197530864198,0.46030640668523676,SL,Slider,32.1,-32.1,0,0,3.6,4,-0.4,-10,0.4810810810810811,0.5027027027027027
2021,Holmes, Clay,605280,Yankees,NYY,R,96,661,1124,6.938271604938271,0.5880782918149466,SIFT,Sinker,23.9,-19.1,4.8,25,15.2,-14.5,0.7,5,0.9385245901639344,0.569672131147541
2021,Mize, Casey,663554,Tigers,DET,R,85.9,660,2357,14.549382716049383,0.2800169707254985,SL,Slider,34.9,-34.9,0,0,3.8,5.6,-1.8,-33,0.4810810810810811,0.32972972972972975
2021,Cole, Gerrit,543037,Yankees,NYY,R,88.4,659,2969,18.32716049382716,0.22196025597844393,SL,Slider,34.4,-31.9,2.5,8,5.3,3.9,1.5,38,0.745945945945946,0.7243243243243244
2021,Melancon, Mark,453343,Padres,SD,R,92,658,1053,6.5,0.6248812915479582,FC,Cutter,21.9,-22.5,0.6,3,0.9,1.9,-1,-51,0.624,0.344
2021,Fried, Max,608331,Braves,ATL,L,74.4,657,2558,15.888198757763975,0.2568412822517592,CUKC,Curveball,65.3,-61.4,3.9,6,8.3,10.5,-2.2,-21,0.7944664031620553,0.26877470355731226
2021,Brothers, Rex,571521,Cubs,CHC,L,94.5,654,998,6.160493827160494,0.655310621242485,FF,4-Seamer,13.7,-14.7,0.9,6,8.6,-7.3,1.3,18,0.7197149643705463,0.6294536817102138
2021,Foltynewicz, Mike,592314,Rangers,TEX,R,93.8,654,2236,13.802469135802468,0.2924865831842576,FF,4-Seamer,15.8,-15,-0.8,-5,10.5,-7.4,3.1,42,0.36104513064133015,0.8266033254156769
2021,Cortes, Nestor,641482,Yankees,NYY,L,90.7,652,1524,9.407407407407407,0.42782152230971127,FF,4-Seamer,14.7,-17,2.3,13,5.6,-7.9,-2.3,-29,0.9239904988123515,0.2209026128266033
2021,Pivetta, Nick,601713,Red Sox,BOS,R,78.6,651,2745,16.944444444444443,0.2371584699453552,CUKC,Curveball,63.6,-55.5,8.1,15,8,7.1,0.9,13,0.9762845849802372,0.6442687747035574
2021,Gray, Sonny,543243,Reds,CIN,R,92.4,651,2228,13.753086419753087,0.2921903052064632,SIFT,Sinker,22.4,-22.4,0,0,13.2,-14.8,-1.6,-11,0.5163934426229508,0.20081967213114754
2021,Gallegos, Giovanny,606149,Cardinals,STL,R,94.4,651,1236,7.62962962962963,0.5266990291262136,FF,4-Seamer,13.3,-13.8,0.5,3,9,-6.3,2.7,43,0.6199524940617577,0.8004750593824228
2021,Maeda, Kenta,628317,Twins,MIN,R,82.1,650,1775,10.95679012345679,0.36619718309859156,SL,Slider,35.5,-39.9,-4.4,-11,5.2,7.7,-2.5,-32,0.051351351351351354,0.26216216216216215
2021,Robles, Hansel,570663,Red Sox,BOS,R,96.7,646,1185,7.314814814814815,0.5451476793248945,FF,4-Seamer,12.9,-14.6,1.7,11,12,-9,3.1,34,0.8646080760095012,0.8266033254156769
2021,Suarez, José,660761,Angels,LAA,L,92.9,644,1650,10.185185185185185,0.3903030303030303,FF,4-Seamer,17,-16.3,-0.6,-4,9.1,-8.5,0.6,8,0.4085510688836104,0.5581947743467933
2021,Anderson, Brett,474463,Brewers,MIL,L,89.1,644,1508,9.308641975308642,0.4270557029177719,SIFT,Sinker,24.9,-24.4,0.5,2,14.5,-14.2,0.3,2,0.6229508196721312,0.48770491803278687
2021,Sewald, Paul,623149,Mariners,SEA,R,92.3,644,1104,6.814814814814815,0.5833333333333334,FF,4-Seamer,18.5,-18.9,0.4,2,12.5,-11.1,1.4,13,0.5938242280285035,0.6437054631828979
2021,Valdez, Framber,664285,Astros,HOU,L,77.9,643,2090,12.901234567901234,0.3076555023923445,CUKC,Curveball,61,-55.1,5.9,11,13.5,9.2,4.4,48,0.9367588932806324,0.9051383399209486
2021,Romano, Jordan,605447,Blue Jays,TOR,R,97.6,641,1031,6.364197530864198,0.6217264791464597,FF,4-Seamer,10.7,-12,1.3,11,5.3,-6.6,-1.3,-19,0.8076009501187649,0.32066508313539194
2021,Jax, Griffin,643377,Twins,MIN,R,92.6,641,1394,8.604938271604938,0.4598278335724534,FF,4-Seamer,15.8,-16.1,0.3,2,12.1,-7.9,4.2,54,0.5795724465558195,0.9168646080760094
2021,Anderson, Tyler,542881,Mariners,SEA,L,80.9,640,2602,16.061728395061728,0.24596464258262873,CH,Changeup,28.2,-33.1,-4.9,-15,12.9,-13.5,-0.5,-4,0.04794520547945205,0.3698630136986301
2021,Brentz, Jake,641394,Royals,KC,L,96.9,639,1106,6.827160493827161,0.5777576853526221,FF,4-Seamer,14.6,-14.7,0.1,1,9.5,-9.5,0.1,1,0.5510688836104513,0.4821852731591449
2021,Giolito, Lucas,608337,White Sox,CWS,R,85.6,638,2970,18.333333333333332,0.21481481481481482,SL,Slider,32.4,-35.5,-3,-8,2.7,4.5,-1.8,-39,0.15135135135135136,0.32972972972972975
2021,Richards, Garrett,572070,Red Sox,BOS,R,88.1,637,2331,14.38888888888889,0.2732732732732733,SL,Slider,37.3,-32.4,5,15,3.1,3.7,-0.6,-18,0.9216216216216216,0.4864864864864865
2021,Means, John,607644,Orioles,BAL,L,83.4,635,2328,14.37037037037037,0.27276632302405496,CH,Changeup,22.7,-29.6,-7,-23,12.8,-13.1,-0.2,-2,0.010273972602739725,0.4178082191780822
2021,Darvish, Yu,506433,Padres,SD,R,81.6,629,2769,17.09259259259259,0.2271578187071145,SL,Slider,43.2,-40.6,2.6,6,16.3,8.2,8.1,98,0.7567567567567568,0.9702702702702702
2021,Rodriguez, Eduardo,593958,Red Sox,BOS,L,85.4,627,2721,16.796296296296298,0.23042998897464168,CH,Changeup,31.2,-30.4,0.8,2,16.7,-14,2.7,19,0.636986301369863,0.8767123287671232
2021,Montgomery, Jordan,656756,Yankees,NYY,L,82.5,626,2570,15.864197530864198,0.24357976653696498,CH,Changeup,25.5,-29,-3.6,-12,9.7,-11.9,-2.2,-18,0.11986301369863013,0.1506849315068493
2021,Gray, Josiah,680686,Nationals,WSH,R,94.6,625,1213,7.487654320987654,0.5152514427040396,FF,4-Seamer,12.8,-15.7,2.9,19,9.5,-8.4,1.1,13,0.9809976247030879,0.6128266033254157
2021,Pop, Zach,647315,Marlins,MIA,R,95.4,624,936,5.777777777777778,0.6666666666666666,SIFT,Sinker,23.1,-19.9,3.2,16,16,-14.8,1.2,8,0.8688524590163934,0.7131147540983607
2021,Stammen, Craig,489334,Padres,SD,R,92.3,623,1308,8.074074074074074,0.47629969418960244,SIFT,Sinker,19.8,-21.9,-2.1,-9,13.4,-14.6,-1.2,-8,0.2336065573770492,0.2540983606557377
2021,Soto, Gregory,642397,Tigers,DET,L,98.2,622,1131,6.981481481481482,0.5499557913351016,SIFT,Sinker,17.2,-17.7,-0.5,-3,15.9,-15.2,0.7,5,0.430327868852459,0.569672131147541
2021,Williams, Devin,642207,Brewers,MIL,R,83.7,621,993,6.12962962962963,0.6253776435045317,CH,Changeup,43.4,-34.2,9.2,27,17,-14.1,2.8,20,1,0.8938356164383562
2021,Stroman, Marcus,573186,Mets,NYM,R,85,621,2741,16.919753086419753,0.22655964976286028,SL,Slider,36.2,-36.4,-0.3,-1,11.4,7.1,4.2,59,0.45135135135135135,0.8972972972972973
2021,Díaz, Edwin,621242,Mets,NYM,R,98.8,620,999,6.166666666666667,0.6206206206206206,FF,4-Seamer,16.6,-15.8,-0.8,-5,14.8,-13.2,1.6,12,0.36104513064133015,0.667458432304038
2021,Castillo, Diego,650895,Mariners,SEA,R,87.3,620,936,5.777777777777778,0.6623931623931624,SL,Slider,31,-33.4,-2.4,-7,1.3,3.5,-2.2,-62,0.21621621621621623,0.2945945945945946
2021,Ruiz, José,614179,White Sox,CWS,R,97,617,1037,6.401234567901234,0.5949855351976856,FF,4-Seamer,11.4,-12.9,1.5,11,6.4,-7.2,-0.7,-10,0.831353919239905,0.37292161520190026
2021,Jansen, Kenley,445276,Dodgers,LAD,R,92.5,616,1071,6.611111111111111,0.5751633986928104,FC,Cutter,14.6,-18.6,4,22,7.4,4.4,3,67,0.928,0.944
2021,Tate, Dillon,622253,Orioles,BAL,R,95.5,615,1042,6.432098765432099,0.5902111324376199,SIFT,Sinker,25.3,-20.9,4.4,21,16.7,-15.2,1.4,9,0.9221311475409836,0.7540983606557377
2021,Smith, Riley,642092,D-backs,ARI,R,92.9,614,1071,6.611111111111111,0.5732959850606909,SIFT,Sinker,22,-22,0,0,14.1,-14.7,-0.6,-4,0.5163934426229508,0.32786885245901637
2021,Webb, Logan,657277,Giants,SF,R,82.4,614,2214,13.666666666666666,0.27732610659439927,SL,Slider,41.9,-39.6,2.3,6,10.8,9.8,0.9,10,0.727027027027027,0.6594594594594595
2021,Smith, Caleb,592761,D-backs,ARI,L,84.8,612,2067,12.75925925925926,0.2960812772133527,SL,Slider,31.5,-36.5,-5,-14,4.2,5.2,-1,-19,0.021621621621621623,0.44054054054054054
2021,Diekman, Jake,518617,Athletics,OAK,L,95.4,612,1118,6.901234567901234,0.5474060822898033,FF,4-Seamer,16.7,-14.3,-2.4,-17,14.2,-7.7,6.5,85,0.11401425178147269,0.9833729216152018
2021,Darvish, Yu,506433,Padres,SD,R,94.5,610,2769,17.09259259259259,0.22029613578909354,FF,4-Seamer,11.8,-14.6,2.8,19,6.3,-7.4,-1.1,-15,0.9786223277909739,0.34441805225653205
2021,Lester, Jon,452657,Cardinals,STL,L,86.4,609,2380,14.691358024691358,0.25588235294117645,FC,Cutter,25.8,-29.4,3.7,12,1.8,2.9,-1.1,-38,0.912,0.304
2021,Voth, Austin,608723,Nationals,WSH,R,94.2,607,1021,6.302469135802469,0.594515181194907,FF,4-Seamer,13.6,-14.8,1.1,8,5.2,-7.3,-2.1,-28,0.7577197149643705,0.2375296912114014
2021,Montgomery, Jordan,656756,Yankees,NYY,L,80,606,2570,15.864197530864198,0.2357976653696498,CUKC,Curveball,46.7,-53.6,-6.8,-13,1,6.4,-5.5,-85,0.07905138339920949,0.05928853754940711
2021,Whitlock, Garrett,676477,Red Sox,BOS,R,95.9,604,1150,7.098765432098766,0.5252173913043479,SIFT,Sinker,18.2,-19,-0.8,-4,16,-15,1,7,0.3975409836065574,0.639344262295082
2021,Rodón, Carlos,607074,White Sox,CWS,L,85.8,603,2219,13.697530864197532,0.27174402884182064,SL,Slider,38.2,-35.2,3,9,8.2,4.5,3.8,84,0.7918918918918919,0.8756756756756757
2021,Kinley, Tyler,641755,Rockies,COL,R,90.2,601,1143,7.099378881987578,0.5258092738407699,SL,Slider,27.8,-29.3,-1.5,-5,0.7,2.5,-1.8,-72,0.3054054054054054,0.32972972972972975
2021,Familia, Jeurys,544727,Mets,NYM,R,96.4,601,1017,6.277777777777778,0.5909537856440511,SIFT,Sinker,26,-20,6,30,16.2,-15,1.1,8,0.9590163934426229,0.6721311475409836
2021,Ynoa, Huascar,660623,Braves,ATL,R,96.5,600,1482,9.20496894409938,0.4048582995951417,FF,4-Seamer,12.6,-12.5,-0.1,-1,7.7,-6.4,1.4,21,0.5083135391923991,0.6437054631828979
2021,Matz, Steven,571927,Blue Jays,TOR,L,85.1,598,2557,15.783950617283951,0.23386781384434885,CH,Changeup,34.6,-31.2,3.4,11,15.9,-14.1,1.9,13,0.8561643835616438,0.7705479452054794
2021,Mayza, Tim,641835,Blue Jays,TOR,L,94,595,841,5.191358024691358,0.7074910820451843,SIFT,Sinker,22.1,-20,2.1,11,17,-14.4,2.6,18,0.7622950819672131,0.9508196721311475
2021,Loáisiga, Jonathan,642528,Yankees,NYY,R,98.3,595,1085,6.697530864197531,0.5483870967741935,SIFT,Sinker,16.6,-18.1,-1.5,-8,15.6,-15.4,0.2,1,0.30327868852459017,0.47540983606557374
2021,Rogers, Trevor,669432,Marlins,MIA,L,84.8,595,2169,13.38888888888889,0.27431996311664364,CH,Changeup,36.6,-31.2,5.4,17,13.4,-13.8,-0.5,-3,0.952054794520548,0.3698630136986301
2021,Richards, Trevor,670950,Blue Jays,TOR,R,92.7,594,1061,6.549382716049383,0.5598491988689915,FF,4-Seamer,12.3,-14.7,2.4,16,5.8,-6.4,-0.6,-9,0.9429928741092637,0.3847980997624703
2021,Pivetta, Nick,601713,Red Sox,BOS,R,86,594,2745,16.944444444444443,0.21639344262295082,SL,Slider,35.2,-35,0.2,1,5.5,4.3,1.2,27,0.5135135135135135,0.6891891891891891
2021,Hader, Josh,623352,Brewers,MIL,L,96.4,593,964,5.950617283950617,0.6151452282157677,FF,4-Seamer,12.1,-14.4,2.3,16,9.8,-8.9,0.9,10,0.9239904988123515,0.5961995249406176
2021,Irvin, Cole,608344,Athletics,OAK,L,84.3,590,2682,16.555555555555557,0.21998508575689785,CH,Changeup,29.5,-29.9,-0.5,-2,12.8,-13.4,-0.6,-4,0.4417808219178082,0.3356164383561644
2021,Hudson, Daniel,543339,Padres,SD,R,97,590,865,5.339506172839506,0.6820809248554913,FF,4-Seamer,12.7,-13.8,1.2,8,10.3,-8.6,1.7,19,0.7767220902612827,0.6817102137767221
2021,Peralta, Freddy,642547,Brewers,MIL,R,80.5,590,2356,14.54320987654321,0.25042444821731746,SL,Slider,39.2,-41.2,-1.9,-5,14.3,12.9,1.4,11,0.25135135135135134,0.7162162162162162
2021,Manning, Matt,666159,Tigers,DET,R,93.5,589,1421,8.771604938271604,0.414496833216045,FF,4-Seamer,14.5,-14.7,0.2,1,2.8,-7,-4.1,-60,0.5629453681710214,0.0855106888361045
2021,Nola, Aaron,605400,Phillies,PHI,R,85.2,589,2971,18.339506172839506,0.1982497475597442,CH,Changeup,35.6,-35.2,0.4,1,15,-14.6,0.5,3,0.565068493150685,0.5513698630136986
2021,Heuer, Codi,676051,Cubs,CHC,R,95.9,589,1049,6.4753086419753085,0.561487130600572,FF,4-Seamer,16.5,-13.6,-2.9,-21,14.4,-7.5,7,94,0.09263657957244656,0.997624703087886
2021,Crochet, Garrett,676979,White Sox,CWS,L,96.7,588,915,5.648148148148148,0.6426229508196721,FF,4-Seamer,11.5,-12.1,0.6,5,4.6,-5.9,-1.4,-23,0.6508313539192399,0.3087885985748218
2021,Montas, Frankie,593423,Athletics,OAK,R,88.9,587,3028,18.691358024691358,0.19385733157199472,SL,Slider,29.3,-31.2,-2,-6,5.1,3.1,2,66,0.24054054054054055,0.7648648648648648
2021,Sborz, Josh,622250,Rangers,TEX,R,96.7,586,1079,6.660493827160494,0.5430954587581094,FF,4-Seamer,10.2,-12.7,2.5,19,6.7,-6.8,-0.1,-1,0.9548693586698337,0.4489311163895487
2021,Kimbrel, Craig,518886,White Sox,CWS,R,96.5,585,1008,6.222222222222222,0.5803571428571429,FF,4-Seamer,14.8,-15.8,1,6,10.3,-9.7,0.6,6,0.7339667458432304,0.5581947743467933
2021,Bummer, Aaron,607481,White Sox,CWS,L,95.4,584,962,5.938271604938271,0.6070686070686071,SIFT,Sinker,29.2,-21.4,7.8,37,15.4,-15.3,0.1,1,0.9877049180327869,0.45081967213114754
2021,Cobb, Alex,502171,Angels,LAA,R,87.5,583,1579,9.746913580246913,0.36922102596580114,FS,Splitter,32.2,-31.4,0.8,2,13.8,-11.9,1.9,16,0.7058823529411765,0.9117647058823529
2021,Alexander, Tyler,641302,Tigers,DET,L,86.2,581,1640,10.123456790123457,0.3542682926829268,FC,Cutter,28,-29.5,1.5,5,3.7,2.7,0.9,34,0.736,0.656
2021,Wheeler, Zack,554430,Phillies,PHI,R,96.7,580,3205,19.78395061728395,0.1809672386895476,SIFT,Sinker,17.9,-18.4,-0.5,-3,15.7,-15,0.7,5,0.430327868852459,0.569672131147541
2021,Skubal, Tarik,669373,Tigers,DET,L,86.5,579,2547,15.722222222222221,0.22732626619552415,SL,Slider,32.6,-34.3,-1.7,-5,1.8,4.2,-2.4,-57,0.2810810810810811,0.27837837837837837
2021,Romo, Sergio,489265,Athletics,OAK,R,77,578,1043,6.438271604938271,0.5541706615532119,SL,Slider,38.3,-43.2,-4.9,-11,13.7,14.8,-1.1,-8,0.02702702702702703,0.4189189189189189
2021,Wacha, Michael,608379,Rays,TB,R,86.9,578,1974,12.185185185185185,0.292806484295846,CH,Changeup,26.8,-27,-0.2,-1,13.8,-12.9,0.9,7,0.476027397260274,0.6335616438356164
2021,Oviedo, Johan,670912,Cardinals,STL,R,94.9,578,1086,6.703703703703703,0.5322283609576427,FF,4-Seamer,18.9,-14.2,-4.7,-33,6.1,-7.3,-1.2,-17,0.021377672209026127,0.33016627078384797
2021,Musgrove, Joe,605397,Padres,SD,R,93.3,577,2938,18.135802469135804,0.19639210347174949,FF,4-Seamer,18.6,-14.8,-3.8,-26,5.2,-6.7,-1.6,-23,0.0498812351543943,0.28028503562945367
2021,Maton, Phil,664208,Astros,HOU,R,91.5,577,1174,7.246913580246914,0.49148211243611584,FF,4-Seamer,19.1,-16.8,-2.3,-14,0.8,-7.1,-7.9,-111,0.12589073634204276,0.004750593824228029
2021,Wittgren, Nick,621295,Indians,CLE,R,92.5,575,1018,6.283950617283951,0.5648330058939096,FF,4-Seamer,16.9,-15.4,-1.5,-10,8.4,-6.8,1.6,24,0.20665083135391923,0.667458432304038
2021,Littell, Zack,641793,Giants,SF,R,94.9,574,993,6.12962962962963,0.5780463242698892,FF,4-Seamer,13,-13.6,0.6,4,6.5,-6.6,-0.1,-1,0.6508313539192399,0.4489311163895487
2021,Suero, Wander,593833,Nationals,WSH,R,92,572,761,4.697530864197531,0.7516425755584757,FC,Cutter,18.5,-22.5,4,18,1.6,1.8,-0.1,-8,0.928,0.456
2021,Snell, Blake,605483,Padres,SD,L,86.5,571,2347,14.487654320987655,0.24328930549637837,SL,Slider,35.5,-34.5,1,3,4.3,4.1,0.2,4,0.5972972972972973,0.5756756756756757
2021,Boxberger, Brad,502202,Brewers,MIL,R,93.5,571,1074,6.62962962962963,0.5316573556797021,FF,4-Seamer,14.1,-15.7,1.6,10,6.1,-7.8,-1.7,-22,0.8479809976247031,0.2755344418052256
2021,Minor, Mike,501985,Royals,KC,L,85.6,571,2621,16.179012345679013,0.21785578023655094,SL,Slider,35.1,-35.5,-0.4,-1,5.3,4.9,0.4,9,0.43783783783783786,0.6081081081081081
2021,Rogers, Tyler,643511,Giants,SF,R,82.7,570,1129,6.969135802469136,0.5048715677590788,FF,4-Seamer,54.1,-54.1,0,0,1.1,-1.1,0,0,0.5273159144893111,0.4655581947743468
2021,Hembree, Heath,592390,Mets,NYM,R,95.3,570,1090,6.728395061728395,0.5229357798165137,FF,4-Seamer,12.5,-14.1,1.7,12,9.5,-7.6,1.9,25,0.8646080760095012,0.7220902612826603
2021,Howard, Spencer,675921,Rangers,TEX,R,94.2,570,936,5.777777777777778,0.6089743589743589,FF,4-Seamer,13.8,-14.1,0.4,2,7.5,-6.7,0.8,12,0.5938242280285035,0.5819477434679335
2021,Greinke, Zack,425844,Astros,HOU,R,86.4,569,2577,15.907407407407407,0.22079937912301126,CH,Changeup,32.1,-29.3,2.8,10,12.8,-13.8,-1,-7,0.815068493150685,0.273972602739726
2021,Chapman, Aroldis,547973,Yankees,NYY,L,98.3,568,1004,6.197530864197531,0.5657370517928287,FF,4-Seamer,10.4,-11.7,1.3,12,4.1,-6.8,-2.7,-40,0.8076009501187649,0.1828978622327791
2021,Barlow, Scott,605130,Royals,KC,R,85,567,1223,7.549382716049383,0.46361406377759606,SL,Slider,38.9,-36.3,2.6,7,7.7,6.4,1.3,20,0.7567567567567568,0.7027027027027027
2021,Valdez, César,491624,Orioles,BAL,R,77.9,567,757,4.672839506172839,0.7490092470277411,CH,Changeup,50.8,-43.6,7.3,17,9.2,-11.5,-2.3,-20,0.9897260273972602,0.13356164383561644
2021,Garcia, Luis,677651,Astros,HOU,R,86.1,565,2502,15.444444444444445,0.2258193445243805,FC,Cutter,31.5,-29.6,-1.9,-6,5.7,3.1,2.6,84,0.264,0.88
2021,Fedde, Erick,607200,Nationals,WSH,R,79.7,564,2410,14.876543209876543,0.23402489626556017,CUKC,Curveball,44.5,-52.2,-7.7,-15,14.3,10.3,4,38,0.06324110671936758,0.8774703557312253
2021,Montgomery, Jordan,656756,Yankees,NYY,L,92.4,564,2570,15.864197530864198,0.21945525291828794,SIFT,Sinker,19.8,-20.1,-0.4,-2,15.5,-14.2,1.3,9,0.45081967213114754,0.7418032786885246
2021,Jackson, Luke,592426,Braves,ATL,R,87.5,562,1055,6.552795031055901,0.5327014218009478,SL,Slider,41.2,-33,8.2,25,1.4,4,-2.6,-65,0.9918918918918919,0.24324324324324326
2021,Bard, Daniel,453268,Rockies,COL,R,87.1,558,1217,7.559006211180124,0.45850451930977815,SL,Slider,33.1,-33.6,-0.5,-1,9.2,4.5,4.7,103,0.42162162162162165,0.9054054054054054
2021,Musgrove, Joe,605397,Padres,SD,R,90.7,556,2938,18.135802469135804,0.18924438393464943,FC,Cutter,24.7,-24.6,-0.1,0,1.7,2.4,-0.8,-32,0.512,0.368
2021,Fried, Max,608331,Braves,ATL,L,84.7,556,2558,15.888198757763975,0.21735731039874903,SL,Slider,38,-36.6,1.4,4,8.9,5.6,3.3,59,0.6459459459459459,0.845945945945946
2021,Fedde, Erick,607200,Nationals,WSH,R,89.4,554,2410,14.876543209876543,0.22987551867219916,FC,Cutter,27.5,-25.9,-1.6,-6,3.1,2.3,0.8,35,0.296,0.648
2021,Scherzer, Max,453286,Dodgers,LAD,R,85.9,551,2821,17.41358024691358,0.19532080822403403,SL,Slider,32.4,-35.1,-2.7,-8,2.9,5.7,-2.8,-49,0.2,0.21351351351351353
2021,Walker, Taijuan,592836,Mets,NYM,R,93.7,550,2547,15.722222222222221,0.21594032194738907,SIFT,Sinker,18.2,-20.7,-2.5,-12,15.6,-14.6,1,7,0.1885245901639344,0.639344262295082
2021,Santana, Ervin,429722,Royals,KC,R,84.4,549,1063,6.561728395061729,0.5164628410159925,SL,Slider,36.5,-37,-0.5,-1,4.4,5.4,-1,-19,0.42162162162162165,0.44054054054054054
2021,Bieber, Shane,669456,Indians,CLE,R,92.8,549,1559,9.623456790123457,0.3521488133418858,FF,4-Seamer,13.3,-15.8,2.5,16,9.7,-7.6,2.2,29,0.9548693586698337,0.7529691211401425
2021,Eovaldi, Nathan,543135,Red Sox,BOS,R,78.5,549,2927,18.067901234567902,0.1875640587632388,CUKC,Curveball,55,-54.4,0.6,1,9.9,9.5,0.4,4,0.44664031620553357,0.5928853754940712
2021,Kremer, Dean,665152,Orioles,BAL,R,92.6,548,986,6.08641975308642,0.5557809330628803,FF,4-Seamer,14.4,-15.4,1,6,9.4,-7,2.4,34,0.7339667458432304,0.7719714964370546
2021,Graveman, Kendall,608665,Astros,HOU,R,96.6,548,871,5.3765432098765435,0.6291618828932262,SIFT,Sinker,18.7,-19.4,-0.6,-3,16.4,-15.1,1.3,9,0.42213114754098363,0.7418032786885246
2021,Castillo, Luis,622491,Reds,CIN,R,86.4,547,3164,19.530864197530864,0.17288242730720607,SL,Slider,36.8,-34.9,1.9,5,0.5,6.1,-5.6,-92,0.6837837837837838,0.024324324324324326
2021,Sulser, Cole,642121,Orioles,BAL,R,93.2,547,1070,6.604938271604938,0.5112149532710281,FF,4-Seamer,13.3,-15,1.7,11,8.4,-7,1.4,20,0.8646080760095012,0.6437054631828979
2021,López, Reynaldo,625643,White Sox,CWS,R,95.8,543,938,5.790123456790123,0.5788912579957356,FF,4-Seamer,12.9,-14,1.2,8,7.9,-7.7,0.1,2,0.7767220902612827,0.4821852731591449
2021,Walker, Taijuan,592836,Mets,NYM,R,86.2,543,2547,15.722222222222221,0.21319199057714958,SL,Slider,31,-34.7,-3.7,-11,4.5,4.3,0.2,6,0.1,0.5756756756756757
2021,Taylor, Blake,642130,Astros,HOU,L,93.1,542,748,4.617283950617284,0.7245989304812834,FF,4-Seamer,15.8,-14.8,-1,-7,2.9,-6.7,-9.6,-144,0.3159144893111639,0
2021,López, Pablo,641154,Marlins,MIA,R,88,542,1669,10.302469135802468,0.32474535650089875,CH,Changeup,32.4,-29.7,2.7,9,17.4,-14.3,3.1,22,0.8047945205479452,0.928082191780822
2021,Thielbar, Caleb,573204,Twins,MIN,L,91.3,542,1106,6.827160493827161,0.49005424954792043,FF,4-Seamer,13.5,-16,2.5,16,2.7,-6.8,-4,-60,0.9548693586698337,0.09026128266033254
2021,Duffey, Tyler,608648,Twins,MIN,R,82.3,540,1053,6.5,0.5128205128205128,CUKC,Curveball,50.9,-50,0.9,2,5.3,8.1,-2.8,-35,0.5019762845849802,0.21739130434782608
2021,Plesac, Zach,668676,Indians,CLE,R,85.7,540,2205,13.61111111111111,0.24489795918367346,CH,Changeup,26.6,-29.9,-3.3,-11,12.3,-13.9,-1.6,-11,0.1506849315068493,0.2089041095890411
2021,Hernandez, Darwinzon,650382,Red Sox,BOS,L,94.8,539,754,4.654320987654321,0.7148541114058355,FF,4-Seamer,17.2,-15.4,-1.8,-12,4.8,-8.6,-3.8,-44,0.171021377672209,0.10451306413301663
2021,Lyles, Jordan,543475,Rangers,TEX,R,80.3,539,2964,18.296296296296298,0.18184885290148448,CUKC,Curveball,57.3,-52.9,4.5,8,6.9,8.1,-1.1,-14,0.841897233201581,0.391304347826087
2021,Pérez, Martín,527048,Red Sox,BOS,L,89.6,539,1860,11.481481481481481,0.28978494623655915,FC,Cutter,22.9,-26,3.2,12,0.6,1.5,-2.1,-139,0.856,0.208
2021,Mize, Casey,663554,Tigers,DET,R,93.2,538,2357,14.549382716049383,0.22825625795502757,SIFT,Sinker,22.2,-21.4,0.9,4,16.4,-14.6,1.8,12,0.6680327868852459,0.8114754098360656
2021,Cessa, Luis,570666,Reds,CIN,R,82.7,537,949,5.8580246913580245,0.565858798735511,SL,Slider,42.9,-39,3.9,10,3.3,6.7,-3.4,-51,0.8621621621621621,0.15405405405405406
2021,Germán, Domingo,593334,Yankees,NYY,R,81.1,536,1579,9.746913580246913,0.3394553514882837,CUKC,Curveball,45.3,-50.3,-5,-10,1.4,9.4,-8,-85,0.12648221343873517,0.015810276679841896
2021,Cishek, Steve,518553,Angels,LAA,R,90.2,535,1255,7.746913580246914,0.4262948207171315,SIFT,Sinker,28.8,-29.3,-0.5,-2,17.5,-17.6,0,0,0.430327868852459,0.4180327868852459
2021,King, Michael,650633,Yankees,NYY,R,93.9,535,1009,6.228395061728395,0.5302279484638256,SIFT,Sinker,22.8,-22,0.8,4,17.5,-15,2.5,17,0.6516393442622951,0.9426229508196722
2021,Crowe, Wil,640444,Pirates,PIT,R,85.3,535,2171,13.401234567901234,0.24643021649009672,SL,Slider,37.6,-35.8,1.8,5,6.5,5.2,1.3,25,0.6756756756756757,0.7027027027027027
2021,Boyd, Matthew,571510,Tigers,DET,L,92,535,1273,7.8580246913580245,0.42026708562450904,FF,4-Seamer,17.2,-15.8,-1.4,-9,10.7,-7.2,3.5,48,0.22802850356294538,0.8551068883610451
2021,Scott, Tanner,656945,Orioles,BAL,L,88.5,531,1032,6.37037037037037,0.5145348837209303,SL,Slider,36.5,-32,4.5,14,5.7,4,1.6,40,0.8945945945945946,0.7432432432432432
2021,Ottavino, Adam,493603,Red Sox,BOS,R,80.6,531,1146,7.074074074074074,0.46335078534031415,SL,Slider,42.9,-41.7,1.2,3,19,10.9,8.1,74,0.6243243243243243,0.9702702702702702
2021,Ross, Joe,605452,Nationals,WSH,R,84.6,530,1700,10.493827160493828,0.31176470588235294,SL,Slider,35.9,-36.7,-0.7,-2,3.5,6,-2.6,-43,0.4,0.24324324324324326
2021,Gray, Sonny,543243,Reds,CIN,R,92.3,530,2228,13.753086419753087,0.2378815080789946,FF,4-Seamer,16.6,-16,-0.6,-4,1.8,-7.6,-5.8,-76,0.4085510688836104,0.030878859857482184
2021,López, Pablo,641154,Marlins,MIA,R,94.1,530,1669,10.302469135802468,0.31755542240862794,FF,4-Seamer,17.2,-15.3,-2,-13,7,-8.1,-1.1,-13,0.16152019002375298,0.34441805225653205
2021,Foltynewicz, Mike,592314,Rangers,TEX,R,83.2,529,2236,13.802469135802468,0.23658318425760286,SL,Slider,37.3,-38.6,-1.3,-3,5.3,6.9,-1.6,-23,0.32972972972972975,0.37027027027027026
2021,Alzolay, Adbert,640470,Cubs,CHC,R,93.8,528,1955,12.067901234567902,0.270076726342711,SIFT,Sinker,19,-20.5,-1.5,-7,15,-14.6,0.4,3,0.30327868852459017,0.5081967213114754
2021,Cabrera, Génesis,650893,Cardinals,STL,L,97.6,528,1195,7.3765432098765435,0.44184100418410044,FF,4-Seamer,10.5,-12.7,2.3,18,7.6,-7.5,0.1,1,0.9239904988123515,0.4821852731591449
2021,Gallegos, Giovanny,606149,Cardinals,STL,R,85.6,526,1236,7.62962962962963,0.4255663430420712,SL,Slider,37.1,-35.6,1.5,4,0.3,4.7,-4.4,-93,0.6594594594594595,0.1
2021,Clay, Sam,621348,Nationals,WSH,L,92.3,526,803,4.95679012345679,0.6550435865504358,SIFT,Sinker,25.4,-22.3,3.1,14,15.7,-14.7,0.9,6,0.8565573770491803,0.6147540983606558
2021,Castro, Miguel,612434,Mets,NYM,R,98,525,1228,7.580246913580247,0.42752442996742673,SIFT,Sinker,21.7,-21.5,0.2,1,18.1,-17,1.1,6,0.5737704918032787,0.6721311475409836
2021,Winkler, Dan,595465,Cubs,CHC,R,91.2,524,787,4.8580246913580245,0.6658195679796697,FC,Cutter,20.3,-23.7,3.3,14,0.6,1.1,-0.5,-48,0.864,0.392
2021,Hentges, Sam,656529,Indians,CLE,L,94.6,522,1260,7.777777777777778,0.4142857142857143,FF,4-Seamer,15.6,-13.4,-2.2,-16,6.3,-6.3,0.1,1,0.1330166270783848,0.4821852731591449
2021,Chargois, JT,608638,Rays,TB,R,87.6,521,876,5.407407407407407,0.5947488584474886,SL,Slider,32.1,-33.1,-1,-3,0.3,5,-5.2,-105,0.35945945945945945,0.043243243243243246
2021,Bundy, Dylan,605164,Angels,LAA,R,90.7,520,1524,9.407407407407407,0.34120734908136485,FF,4-Seamer,13.9,-16.3,2.5,15,5.2,-6.9,-1.6,-24,0.9548693586698337,0.28028503562945367
2021,Bednar, David,670280,Pirates,PIT,R,96.7,520,934,5.765432098765432,0.556745182012848,FF,4-Seamer,12.7,-13.2,0.5,4,8.9,-7.8,1.1,14,0.6199524940617577,0.6128266033254157
2021,Webb, Logan,657277,Giants,SF,R,86.2,516,2214,13.666666666666666,0.23306233062330622,CH,Changeup,41.6,-33.6,8,24,8.9,-14.8,-5.8,-40,0.9931506849315068,0.02054794520547945
2021,McHugh, Collin,543521,Rays,TB,R,79.5,514,972,6,0.5288065843621399,SL,Slider,44.4,-42.8,1.6,4,18.7,12.6,6.1,48,0.6648648648648648,0.9378378378378378
2021,Minor, Mike,501985,Royals,KC,L,85.2,514,2621,16.179012345679013,0.19610835558946968,CH,Changeup,26.1,-30.8,-4.7,-15,16.8,-14,2.8,20,0.0684931506849315,0.8938356164383562
2021,López, Jorge,605347,Orioles,BAL,R,81.9,513,2166,13.37037037037037,0.23684210526315788,CUKC,Curveball,52,-50.1,1.9,4,7.9,8.5,-0.6,-8,0.5928853754940712,0.47035573122529645
2021,Manoah, Alek,666201,Blue Jays,TOR,R,81.1,512,1845,11.38888888888889,0.2775067750677507,SL,Slider,41.8,-41.3,0.5,1,15.5,9,6.5,72,0.5351351351351351,0.9486486486486486
2021,Gray, Sonny,543243,Reds,CIN,R,79.3,512,2228,13.753086419753087,0.22980251346499103,CUKC,Curveball,57.8,-52.8,5,9,14,10.4,3.6,35,0.8893280632411067,0.849802371541502
2021,Hembree, Heath,592390,Mets,NYM,R,86.5,512,1090,6.728395061728395,0.46972477064220186,SL,Slider,29,-34,-5,-15,8.2,4.8,3.5,73,0.021621621621621623,0.8594594594594595
2021,Lynch, Daniel,663738,Royals,KC,L,93.8,512,1257,7.7592592592592595,0.40731901352426414,FF,4-Seamer,15.8,-14.5,-1.3,-9,7.3,-6.9,0.4,6,0.2494061757719715,0.5225653206650831
2021,Buehler, Walker,621111,Dodgers,LAD,R,91.6,512,3152,19.45679012345679,0.16243654822335024,FC,Cutter,24,-23.2,-0.8,-3,5.9,1.5,4.5,308,0.408,0.992
2021,Smith, Will,519293,Braves,ATL,L,92.8,510,1079,6.701863354037267,0.4726598702502317,FF,4-Seamer,14.5,-14.2,-0.3,-2,7.1,-6.1,1.1,18,0.4655581947743468,0.6128266033254157
2021,Heaney, Andrew,571760,Yankees,NYY,L,79.4,509,2330,14.382716049382717,0.2184549356223176,CUKC,Curveball,46.8,-51.3,-4.5,-9,7,10.5,-3.5,-34,0.1422924901185771,0.14624505928853754
2021,Plesac, Zach,668676,Indians,CLE,R,86.7,509,2205,13.61111111111111,0.2308390022675737,SL,Slider,27.5,-33.9,-6.5,-19,0.1,4.3,-4.2,-97,0.010810810810810811,0.10540540540540541
2021,Irvin, Cole,608344,Athletics,OAK,L,90.5,508,2682,16.555555555555557,0.1894108873974646,SIFT,Sinker,20.9,-22.7,-1.8,-8,14.3,-14.3,0,0,0.2786885245901639,0.4180327868852459
2021,Allard, Kolby,663465,Rangers,TEX,L,86.3,507,2054,12.679012345679013,0.2468354430379747,FC,Cutter,30.6,-29.3,-1.3,-5,2.4,2.5,-0.1,-4,0.32,0.456
2021,Gilbert, Logan,669302,Mariners,SEA,R,83.4,507,2125,13.117283950617283,0.23858823529411766,SL,Slider,35.1,-38.1,-3,-8,6.5,7.2,-0.7,-10,0.15135135135135136,0.4702702702702703
2021,Márquez, Germán,608566,Rockies,COL,R,85.2,506,2788,17.316770186335404,0.18149210903873744,CUKC,Curveball,40.3,-43,-2.7,-6,4,5.9,-1.8,-31,0.25296442687747034,0.30434782608695654
2021,Plutko, Adam,592644,Orioles,BAL,R,91.6,506,1014,6.2592592592592595,0.4990138067061144,FF,4-Seamer,13.8,-15.8,1.9,12,4.4,-6.8,-2.4,-36,0.8859857482185273,0.20665083135391923
2021,Maeda, Kenta,628317,Twins,MIN,R,84.2,505,1775,10.95679012345679,0.28450704225352114,FS,Splitter,37,-34.5,2.5,7,12.4,-10.8,1.6,15,0.9117647058823529,0.7941176470588235
2021,Quintana, José,500779,Giants,SF,L,91.5,505,1240,7.654320987654321,0.40725806451612906,FF,4-Seamer,16.1,-16,-0.1,-1,3.6,-6.9,-3.3,-48,0.5083135391923991,0.1543942992874109
2021,Bender, Anthony,669622,Marlins,MIA,R,96.8,504,973,6.006172839506172,0.5179856115107914,SIFT,Sinker,26.9,-20.3,6.6,32,15.7,-15.4,0.4,2,0.9631147540983607,0.5081967213114754
2021,Neris, Héctor,593576,Phillies,PHI,R,84.2,503,1243,7.672839506172839,0.40466613032984716,FS,Splitter,38.1,-34.8,3.3,10,8.3,-10.8,-2.5,-23,0.9411764705882353,0.17647058823529413
2021,Mahle, Tyler,641816,Reds,CIN,R,86.4,503,3196,19.728395061728396,0.15738423028785983,FS,Splitter,28.4,-32.6,-4.2,-13,14.5,-11.2,3.4,30,0,1
2021,Strickland, Hunter,519326,Brewers,MIL,R,94.9,503,981,6.055555555555555,0.5127420998980632,FF,4-Seamer,16.5,-14.4,-2.1,-15,3.4,-7.3,-3.8,-53,0.1496437054631829,0.10451306413301663
2021,Feyereisen, J.P.,656420,Rays,TB,R,93.1,500,987,6.092592592592593,0.5065856129685917,FF,4-Seamer,10.9,-14.7,3.8,26,5.4,-6.6,-1.2,-18,0.9928741092636579,0.33016627078384797
2021,de Geus, Brett,676969,D-backs,ARI,R,93.8,500,911,5.6234567901234565,0.5488474204171241,SIFT,Sinker,24.7,-22.7,2,9,16.1,-15,1,7,0.75,0.639344262295082